[2026-06-23 02:09:10] local.ERROR: SQLSTATE[HY000] [1049] Unknown database 'sistema' (Connection: mysql, SQL: select exists (select 1 from information_schema.tables where table_schema = 'sistema' and table_name = 'migrations' and table_type in ('BASE TABLE', 'SYSTEM VERSIONED')) as `exists`) {"exception":"[object] (Illuminate\\Database\\QueryException(code: 1049): SQLSTATE[HY000] [1049] Unknown database 'sistema' (Connection: mysql, SQL: select exists (select 1 from information_schema.tables where table_schema = 'sistema' and table_name = 'migrations' and table_type in ('BASE TABLE', 'SYSTEM VERSIONED')) as `exists`) at C:/Users/PC Lenovo/Downloads/SSA_sistemamejorado/sistemamejorado/vendor/laravel/framework/src/Illuminate/Database/Connection.php:825)
[stacktrace]
#0 C:/Users/PC Lenovo/Downloads/SSA_sistemamejorado/sistemamejorado/vendor/laravel/framework/src/Illuminate/Database/Connection.php(779): Illuminate/Database/Connection->runQueryCallback('select exists (...', Array, Object(Closure))
#1 C:/Users/PC Lenovo/Downloads/SSA_sistemamejorado/sistemamejorado/vendor/laravel/framework/src/Illuminate/Database/Connection.php(398): Illuminate/Database/Connection->run('select exists (...', Array, Object(Closure))
#2 C:/Users/PC Lenovo/Downloads/SSA_sistemamejorado/sistemamejorado/vendor/laravel/framework/src/Illuminate/Database/Connection.php(344): Illuminate/Database/Connection->select('select exists (...', Array, true)
#3 C:/Users/PC Lenovo/Downloads/SSA_sistemamejorado/sistemamejorado/vendor/laravel/framework/src/Illuminate/Database/Connection.php(361): Illuminate/Database/Connection->selectOne('select exists (...', Array, true)
#4 C:/Users/PC Lenovo/Downloads/SSA_sistemamejorado/sistemamejorado/vendor/laravel/framework/src/Illuminate/Database/Schema/MySqlBuilder.php(45): Illuminate/Database/Connection->scalar('select exists (...')
#5 C:/Users/PC Lenovo/Downloads/SSA_sistemamejorado/sistemamejorado/vendor/laravel/framework/src/Illuminate/Database/Migrations/DatabaseMigrationRepository.php(184): Illuminate/Database/Schema/MySqlBuilder->hasTable('migrations')
#6 C:/Users/PC Lenovo/Downloads/SSA_sistemamejorado/sistemamejorado/vendor/laravel/framework/src/Illuminate/Database/Migrations/Migrator.php(742): Illuminate/Database/Migrations/DatabaseMigrationRepository->repositoryExists()
#7 C:/Users/PC Lenovo/Downloads/SSA_sistemamejorado/sistemamejorado/vendor/laravel/framework/src/Illuminate/Database/Console/Migrations/FreshCommand.php(68): Illuminate/Database/Migrations/Migrator->repositoryExists()
#8 C:/Users/PC Lenovo/Downloads/SSA_sistemamejorado/sistemamejorado/vendor/laravel/framework/src/Illuminate/Database/Migrations/Migrator.php(658): Illuminate/Database/Console/Migrations/FreshCommand->Illuminate/Database/Console/Migrations/{closure}()
#9 C:/Users/PC Lenovo/Downloads/SSA_sistemamejorado/sistemamejorado/vendor/laravel/framework/src/Illuminate/Database/Console/Migrations/FreshCommand.php(67): Illuminate/Database/Migrations/Migrator->usingConnection(NULL, Object(Closure))
#10 C:/Users/PC Lenovo/Downloads/SSA_sistemamejorado/sistemamejorado/vendor/laravel/framework/src/Illuminate/Container/BoundMethod.php(36): Illuminate/Database/Console/Migrations/FreshCommand->handle()
#11 C:/Users/PC Lenovo/Downloads/SSA_sistemamejorado/sistemamejorado/vendor/laravel/framework/src/Illuminate/Container/Util.php(43): Illuminate/Container/BoundMethod::Illuminate/Container/{closure}()
#12 C:/Users/PC Lenovo/Downloads/SSA_sistemamejorado/sistemamejorado/vendor/laravel/framework/src/Illuminate/Container/BoundMethod.php(95): Illuminate/Container/Util::unwrapIfClosure(Object(Closure))
#13 C:/Users/PC Lenovo/Downloads/SSA_sistemamejorado/sistemamejorado/vendor/laravel/framework/src/Illuminate/Container/BoundMethod.php(35): Illuminate/Container/BoundMethod::callBoundMethod(Object(Illuminate/Foundation/Application), Array, Object(Closure))
#14 C:/Users/PC Lenovo/Downloads/SSA_sistemamejorado/sistemamejorado/vendor/laravel/framework/src/Illuminate/Container/Container.php(696): Illuminate/Container/BoundMethod::call(Object(Illuminate/Foundation/Application), Array, Array, NULL)
#15 C:/Users/PC Lenovo/Downloads/SSA_sistemamejorado/sistemamejorado/vendor/laravel/framework/src/Illuminate/Console/Command.php(213): Illuminate/Container/Container->call(Array)
#16 C:/Users/PC Lenovo/Downloads/SSA_sistemamejorado/sistemamejorado/vendor/symfony/console/Command/Command.php(341): Illuminate/Console/Command->execute(Object(Symfony/Component/Console/Input/ArgvInput), Object(Illuminate/Console/OutputStyle))
#17 C:/Users/PC Lenovo/Downloads/SSA_sistemamejorado/sistemamejorado/vendor/laravel/framework/src/Illuminate/Console/Command.php(182): Symfony/Component/Console/Command/Command->run(Object(Symfony/Component/Console/Input/ArgvInput), Object(Illuminate/Console/OutputStyle))
#18 C:/Users/PC Lenovo/Downloads/SSA_sistemamejorado/sistemamejorado/vendor/symfony/console/Application.php(1117): Illuminate/Console/Command->run(Object(Symfony/Component/Console/Input/ArgvInput), Object(Symfony/Component/Console/Output/ConsoleOutput))
#19 C:/Users/PC Lenovo/Downloads/SSA_sistemamejorado/sistemamejorado/vendor/symfony/console/Application.php(356): Symfony/Component/Console/Application->doRunCommand(Object(Illuminate/Database/Console/Migrations/FreshCommand), Object(Symfony/Component/Console/Input/ArgvInput), Object(Symfony/Component/Console/Output/ConsoleOutput))
#20 C:/Users/PC Lenovo/Downloads/SSA_sistemamejorado/sistemamejorado/vendor/symfony/console/Application.php(195): Symfony/Component/Console/Application->doRun(Object(Symfony/Component/Console/Input/ArgvInput), Object(Symfony/Component/Console/Output/ConsoleOutput))
#21 C:/Users/PC Lenovo/Downloads/SSA_sistemamejorado/sistemamejorado/vendor/laravel/framework/src/Illuminate/Foundation/Console/Kernel.php(198): Symfony/Component/Console/Application->run(Object(Symfony/Component/Console/Input/ArgvInput), Object(Symfony/Component/Console/Output/ConsoleOutput))
#22 C:/Users/PC Lenovo/Downloads/SSA_sistemamejorado/sistemamejorado/vendor/laravel/framework/src/Illuminate/Foundation/Application.php(1235): Illuminate/Foundation/Console/Kernel->handle(Object(Symfony/Component/Console/Input/ArgvInput), Object(Symfony/Component/Console/Output/ConsoleOutput))
#23 C:/Users/PC Lenovo/Downloads/SSA_sistemamejorado/sistemamejorado/artisan(13): Illuminate/Foundation/Application->handleCommand(Object(Symfony/Component/Console/Input/ArgvInput))
#24 {main}

[previous exception] [object] (PDOException(code: 1049): SQLSTATE[HY000] [1049] Unknown database 'sistema' at C:/Users/PC Lenovo/Downloads/SSA_sistemamejorado/sistemamejorado/vendor/laravel/framework/src/Illuminate/Database/Connectors/Connector.php:66)
[stacktrace]
#0 C:/Users/PC Lenovo/Downloads/SSA_sistemamejorado/sistemamejorado/vendor/laravel/framework/src/Illuminate/Database/Connectors/Connector.php(66): PDO->__construct('mysql:host=127....', 'root', Object(SensitiveParameterValue), Array)
#1 C:/Users/PC Lenovo/Downloads/SSA_sistemamejorado/sistemamejorado/vendor/laravel/framework/src/Illuminate/Database/Connectors/Connector.php(44): Illuminate/Database/Connectors/Connector->createPdoConnection('mysql:host=127....', 'root', Object(SensitiveParameterValue), Array)
#2 C:/Users/PC Lenovo/Downloads/SSA_sistemamejorado/sistemamejorado/vendor/laravel/framework/src/Illuminate/Database/Connectors/MySqlConnector.php(24): Illuminate/Database/Connectors/Connector->createConnection('mysql:host=127....', Array, Array)
#3 C:/Users/PC Lenovo/Downloads/SSA_sistemamejorado/sistemamejorado/vendor/laravel/framework/src/Illuminate/Database/Connectors/ConnectionFactory.php(185): Illuminate/Database/Connectors/MySqlConnector->connect(Array)
#4 [internal function]: Illuminate/Database/Connectors/ConnectionFactory->Illuminate/Database/Connectors/{closure}()
#5 C:/Users/PC Lenovo/Downloads/SSA_sistemamejorado/sistemamejorado/vendor/laravel/framework/src/Illuminate/Database/Connection.php(1231): call_user_func(Object(Closure))
#6 C:/Users/PC Lenovo/Downloads/SSA_sistemamejorado/sistemamejorado/vendor/laravel/framework/src/Illuminate/Database/Connection.php(1267): Illuminate/Database/Connection->getPdo()
#7 C:/Users/PC Lenovo/Downloads/SSA_sistemamejorado/sistemamejorado/vendor/laravel/framework/src/Illuminate/Database/Connection.php(512): Illuminate/Database/Connection->getReadPdo()
#8 C:/Users/PC Lenovo/Downloads/SSA_sistemamejorado/sistemamejorado/vendor/laravel/framework/src/Illuminate/Database/Connection.php(407): Illuminate/Database/Connection->getPdoForSelect(true)
#9 C:/Users/PC Lenovo/Downloads/SSA_sistemamejorado/sistemamejorado/vendor/laravel/framework/src/Illuminate/Database/Connection.php(812): Illuminate/Database/Connection->Illuminate/Database/{closure}('select exists (...', Array)
#10 C:/Users/PC Lenovo/Downloads/SSA_sistemamejorado/sistemamejorado/vendor/laravel/framework/src/Illuminate/Database/Connection.php(779): Illuminate/Database/Connection->runQueryCallback('select exists (...', Array, Object(Closure))
#11 C:/Users/PC Lenovo/Downloads/SSA_sistemamejorado/sistemamejorado/vendor/laravel/framework/src/Illuminate/Database/Connection.php(398): Illuminate/Database/Connection->run('select exists (...', Array, Object(Closure))
#12 C:/Users/PC Lenovo/Downloads/SSA_sistemamejorado/sistemamejorado/vendor/laravel/framework/src/Illuminate/Database/Connection.php(344): Illuminate/Database/Connection->select('select exists (...', Array, true)
#13 C:/Users/PC Lenovo/Downloads/SSA_sistemamejorado/sistemamejorado/vendor/laravel/framework/src/Illuminate/Database/Connection.php(361): Illuminate/Database/Connection->selectOne('select exists (...', Array, true)
#14 C:/Users/PC Lenovo/Downloads/SSA_sistemamejorado/sistemamejorado/vendor/laravel/framework/src/Illuminate/Database/Schema/MySqlBuilder.php(45): Illuminate/Database/Connection->scalar('select exists (...')
#15 C:/Users/PC Lenovo/Downloads/SSA_sistemamejorado/sistemamejorado/vendor/laravel/framework/src/Illuminate/Database/Migrations/DatabaseMigrationRepository.php(184): Illuminate/Database/Schema/MySqlBuilder->hasTable('migrations')
#16 C:/Users/PC Lenovo/Downloads/SSA_sistemamejorado/sistemamejorado/vendor/laravel/framework/src/Illuminate/Database/Migrations/Migrator.php(742): Illuminate/Database/Migrations/DatabaseMigrationRepository->repositoryExists()
#17 C:/Users/PC Lenovo/Downloads/SSA_sistemamejorado/sistemamejorado/vendor/laravel/framework/src/Illuminate/Database/Console/Migrations/FreshCommand.php(68): Illuminate/Database/Migrations/Migrator->repositoryExists()
#18 C:/Users/PC Lenovo/Downloads/SSA_sistemamejorado/sistemamejorado/vendor/laravel/framework/src/Illuminate/Database/Migrations/Migrator.php(658): Illuminate/Database/Console/Migrations/FreshCommand->Illuminate/Database/Console/Migrations/{closure}()
#19 C:/Users/PC Lenovo/Downloads/SSA_sistemamejorado/sistemamejorado/vendor/laravel/framework/src/Illuminate/Database/Console/Migrations/FreshCommand.php(67): Illuminate/Database/Migrations/Migrator->usingConnection(NULL, Object(Closure))
#20 C:/Users/PC Lenovo/Downloads/SSA_sistemamejorado/sistemamejorado/vendor/laravel/framework/src/Illuminate/Container/BoundMethod.php(36): Illuminate/Database/Console/Migrations/FreshCommand->handle()
#21 C:/Users/PC Lenovo/Downloads/SSA_sistemamejorado/sistemamejorado/vendor/laravel/framework/src/Illuminate/Container/Util.php(43): Illuminate/Container/BoundMethod::Illuminate/Container/{closure}()
#22 C:/Users/PC Lenovo/Downloads/SSA_sistemamejorado/sistemamejorado/vendor/laravel/framework/src/Illuminate/Container/BoundMethod.php(95): Illuminate/Container/Util::unwrapIfClosure(Object(Closure))
#23 C:/Users/PC Lenovo/Downloads/SSA_sistemamejorado/sistemamejorado/vendor/laravel/framework/src/Illuminate/Container/BoundMethod.php(35): Illuminate/Container/BoundMethod::callBoundMethod(Object(Illuminate/Foundation/Application), Array, Object(Closure))
#24 C:/Users/PC Lenovo/Downloads/SSA_sistemamejorado/sistemamejorado/vendor/laravel/framework/src/Illuminate/Container/Container.php(696): Illuminate/Container/BoundMethod::call(Object(Illuminate/Foundation/Application), Array, Array, NULL)
#25 C:/Users/PC Lenovo/Downloads/SSA_sistemamejorado/sistemamejorado/vendor/laravel/framework/src/Illuminate/Console/Command.php(213): Illuminate/Container/Container->call(Array)
#26 C:/Users/PC Lenovo/Downloads/SSA_sistemamejorado/sistemamejorado/vendor/symfony/console/Command/Command.php(341): Illuminate/Console/Command->execute(Object(Symfony/Component/Console/Input/ArgvInput), Object(Illuminate/Console/OutputStyle))
#27 C:/Users/PC Lenovo/Downloads/SSA_sistemamejorado/sistemamejorado/vendor/laravel/framework/src/Illuminate/Console/Command.php(182): Symfony/Component/Console/Command/Command->run(Object(Symfony/Component/Console/Input/ArgvInput), Object(Illuminate/Console/OutputStyle))
#28 C:/Users/PC Lenovo/Downloads/SSA_sistemamejorado/sistemamejorado/vendor/symfony/console/Application.php(1117): Illuminate/Console/Command->run(Object(Symfony/Component/Console/Input/ArgvInput), Object(Symfony/Component/Console/Output/ConsoleOutput))
#29 C:/Users/PC Lenovo/Downloads/SSA_sistemamejorado/sistemamejorado/vendor/symfony/console/Application.php(356): Symfony/Component/Console/Application->doRunCommand(Object(Illuminate/Database/Console/Migrations/FreshCommand), Object(Symfony/Component/Console/Input/ArgvInput), Object(Symfony/Component/Console/Output/ConsoleOutput))
#30 C:/Users/PC Lenovo/Downloads/SSA_sistemamejorado/sistemamejorado/vendor/symfony/console/Application.php(195): Symfony/Component/Console/Application->doRun(Object(Symfony/Component/Console/Input/ArgvInput), Object(Symfony/Component/Console/Output/ConsoleOutput))
#31 C:/Users/PC Lenovo/Downloads/SSA_sistemamejorado/sistemamejorado/vendor/laravel/framework/src/Illuminate/Foundation/Console/Kernel.php(198): Symfony/Component/Console/Application->run(Object(Symfony/Component/Console/Input/ArgvInput), Object(Symfony/Component/Console/Output/ConsoleOutput))
#32 C:/Users/PC Lenovo/Downloads/SSA_sistemamejorado/sistemamejorado/vendor/laravel/framework/src/Illuminate/Foundation/Application.php(1235): Illuminate/Foundation/Console/Kernel->handle(Object(Symfony/Component/Console/Input/ArgvInput), Object(Symfony/Component/Console/Output/ConsoleOutput))
#33 C:/Users/PC Lenovo/Downloads/SSA_sistemamejorado/sistemamejorado/artisan(13): Illuminate/Foundation/Application->handleCommand(Object(Symfony/Component/Console/Input/ArgvInput))
#34 {main}
"} 
[2026-06-23 02:10:57] local.ERROR: SQLSTATE[HY000] [1049] Unknown database 'sistema' (Connection: mysql, SQL: select exists (select 1 from information_schema.tables where table_schema = 'sistema' and table_name = 'migrations' and table_type in ('BASE TABLE', 'SYSTEM VERSIONED')) as `exists`) {"exception":"[object] (Illuminate\\Database\\QueryException(code: 1049): SQLSTATE[HY000] [1049] Unknown database 'sistema' (Connection: mysql, SQL: select exists (select 1 from information_schema.tables where table_schema = 'sistema' and table_name = 'migrations' and table_type in ('BASE TABLE', 'SYSTEM VERSIONED')) as `exists`) at C:/Users/PC Lenovo/Downloads/SSA_sistemamejorado/sistemamejorado/vendor/laravel/framework/src/Illuminate/Database/Connection.php:825)
[stacktrace]
#0 C:/Users/PC Lenovo/Downloads/SSA_sistemamejorado/sistemamejorado/vendor/laravel/framework/src/Illuminate/Database/Connection.php(779): Illuminate/Database/Connection->runQueryCallback('select exists (...', Array, Object(Closure))
#1 C:/Users/PC Lenovo/Downloads/SSA_sistemamejorado/sistemamejorado/vendor/laravel/framework/src/Illuminate/Database/Connection.php(398): Illuminate/Database/Connection->run('select exists (...', Array, Object(Closure))
#2 C:/Users/PC Lenovo/Downloads/SSA_sistemamejorado/sistemamejorado/vendor/laravel/framework/src/Illuminate/Database/Connection.php(344): Illuminate/Database/Connection->select('select exists (...', Array, true)
#3 C:/Users/PC Lenovo/Downloads/SSA_sistemamejorado/sistemamejorado/vendor/laravel/framework/src/Illuminate/Database/Connection.php(361): Illuminate/Database/Connection->selectOne('select exists (...', Array, true)
#4 C:/Users/PC Lenovo/Downloads/SSA_sistemamejorado/sistemamejorado/vendor/laravel/framework/src/Illuminate/Database/Schema/MySqlBuilder.php(45): Illuminate/Database/Connection->scalar('select exists (...')
#5 C:/Users/PC Lenovo/Downloads/SSA_sistemamejorado/sistemamejorado/vendor/laravel/framework/src/Illuminate/Database/Migrations/DatabaseMigrationRepository.php(184): Illuminate/Database/Schema/MySqlBuilder->hasTable('migrations')
#6 C:/Users/PC Lenovo/Downloads/SSA_sistemamejorado/sistemamejorado/vendor/laravel/framework/src/Illuminate/Database/Migrations/Migrator.php(742): Illuminate/Database/Migrations/DatabaseMigrationRepository->repositoryExists()
#7 C:/Users/PC Lenovo/Downloads/SSA_sistemamejorado/sistemamejorado/vendor/laravel/framework/src/Illuminate/Database/Console/Migrations/MigrateCommand.php(165): Illuminate/Database/Migrations/Migrator->repositoryExists()
#8 C:/Users/PC Lenovo/Downloads/SSA_sistemamejorado/sistemamejorado/vendor/laravel/framework/src/Illuminate/Support/helpers.php(338): Illuminate/Database/Console/Migrations/MigrateCommand->Illuminate/Database/Console/Migrations/{closure}(1)
#9 C:/Users/PC Lenovo/Downloads/SSA_sistemamejorado/sistemamejorado/vendor/laravel/framework/src/Illuminate/Database/Console/Migrations/MigrateCommand.php(165): retry(1, Object(Closure), 0, Object(Closure))
#10 C:/Users/PC Lenovo/Downloads/SSA_sistemamejorado/sistemamejorado/vendor/laravel/framework/src/Illuminate/Database/Console/Migrations/MigrateCommand.php(141): Illuminate/Database/Console/Migrations/MigrateCommand->repositoryExists()
#11 C:/Users/PC Lenovo/Downloads/SSA_sistemamejorado/sistemamejorado/vendor/laravel/framework/src/Illuminate/Database/Console/Migrations/MigrateCommand.php(111): Illuminate/Database/Console/Migrations/MigrateCommand->prepareDatabase()
#12 C:/Users/PC Lenovo/Downloads/SSA_sistemamejorado/sistemamejorado/vendor/laravel/framework/src/Illuminate/Database/Migrations/Migrator.php(658): Illuminate/Database/Console/Migrations/MigrateCommand->Illuminate/Database/Console/Migrations/{closure}()
#13 C:/Users/PC Lenovo/Downloads/SSA_sistemamejorado/sistemamejorado/vendor/laravel/framework/src/Illuminate/Database/Console/Migrations/MigrateCommand.php(110): Illuminate/Database/Migrations/Migrator->usingConnection(NULL, Object(Closure))
#14 C:/Users/PC Lenovo/Downloads/SSA_sistemamejorado/sistemamejorado/vendor/laravel/framework/src/Illuminate/Database/Console/Migrations/MigrateCommand.php(89): Illuminate/Database/Console/Migrations/MigrateCommand->runMigrations()
#15 C:/Users/PC Lenovo/Downloads/SSA_sistemamejorado/sistemamejorado/vendor/laravel/framework/src/Illuminate/Container/BoundMethod.php(36): Illuminate/Database/Console/Migrations/MigrateCommand->handle()
#16 C:/Users/PC Lenovo/Downloads/SSA_sistemamejorado/sistemamejorado/vendor/laravel/framework/src/Illuminate/Container/Util.php(43): Illuminate/Container/BoundMethod::Illuminate/Container/{closure}()
#17 C:/Users/PC Lenovo/Downloads/SSA_sistemamejorado/sistemamejorado/vendor/laravel/framework/src/Illuminate/Container/BoundMethod.php(95): Illuminate/Container/Util::unwrapIfClosure(Object(Closure))
#18 C:/Users/PC Lenovo/Downloads/SSA_sistemamejorado/sistemamejorado/vendor/laravel/framework/src/Illuminate/Container/BoundMethod.php(35): Illuminate/Container/BoundMethod::callBoundMethod(Object(Illuminate/Foundation/Application), Array, Object(Closure))
#19 C:/Users/PC Lenovo/Downloads/SSA_sistemamejorado/sistemamejorado/vendor/laravel/framework/src/Illuminate/Container/Container.php(696): Illuminate/Container/BoundMethod::call(Object(Illuminate/Foundation/Application), Array, Array, NULL)
#20 C:/Users/PC Lenovo/Downloads/SSA_sistemamejorado/sistemamejorado/vendor/laravel/framework/src/Illuminate/Console/Command.php(213): Illuminate/Container/Container->call(Array)
#21 C:/Users/PC Lenovo/Downloads/SSA_sistemamejorado/sistemamejorado/vendor/symfony/console/Command/Command.php(341): Illuminate/Console/Command->execute(Object(Symfony/Component/Console/Input/ArgvInput), Object(Illuminate/Console/OutputStyle))
#22 C:/Users/PC Lenovo/Downloads/SSA_sistemamejorado/sistemamejorado/vendor/laravel/framework/src/Illuminate/Console/Command.php(182): Symfony/Component/Console/Command/Command->run(Object(Symfony/Component/Console/Input/ArgvInput), Object(Illuminate/Console/OutputStyle))
#23 C:/Users/PC Lenovo/Downloads/SSA_sistemamejorado/sistemamejorado/vendor/symfony/console/Application.php(1117): Illuminate/Console/Command->run(Object(Symfony/Component/Console/Input/ArgvInput), Object(Symfony/Component/Console/Output/ConsoleOutput))
#24 C:/Users/PC Lenovo/Downloads/SSA_sistemamejorado/sistemamejorado/vendor/symfony/console/Application.php(356): Symfony/Component/Console/Application->doRunCommand(Object(Illuminate/Database/Console/Migrations/MigrateCommand), Object(Symfony/Component/Console/Input/ArgvInput), Object(Symfony/Component/Console/Output/ConsoleOutput))
#25 C:/Users/PC Lenovo/Downloads/SSA_sistemamejorado/sistemamejorado/vendor/symfony/console/Application.php(195): Symfony/Component/Console/Application->doRun(Object(Symfony/Component/Console/Input/ArgvInput), Object(Symfony/Component/Console/Output/ConsoleOutput))
#26 C:/Users/PC Lenovo/Downloads/SSA_sistemamejorado/sistemamejorado/vendor/laravel/framework/src/Illuminate/Foundation/Console/Kernel.php(198): Symfony/Component/Console/Application->run(Object(Symfony/Component/Console/Input/ArgvInput), Object(Symfony/Component/Console/Output/ConsoleOutput))
#27 C:/Users/PC Lenovo/Downloads/SSA_sistemamejorado/sistemamejorado/vendor/laravel/framework/src/Illuminate/Foundation/Application.php(1235): Illuminate/Foundation/Console/Kernel->handle(Object(Symfony/Component/Console/Input/ArgvInput), Object(Symfony/Component/Console/Output/ConsoleOutput))
#28 C:/Users/PC Lenovo/Downloads/SSA_sistemamejorado/sistemamejorado/artisan(13): Illuminate/Foundation/Application->handleCommand(Object(Symfony/Component/Console/Input/ArgvInput))
#29 {main}

[previous exception] [object] (PDOException(code: 1049): SQLSTATE[HY000] [1049] Unknown database 'sistema' at C:/Users/PC Lenovo/Downloads/SSA_sistemamejorado/sistemamejorado/vendor/laravel/framework/src/Illuminate/Database/Connectors/Connector.php:66)
[stacktrace]
#0 C:/Users/PC Lenovo/Downloads/SSA_sistemamejorado/sistemamejorado/vendor/laravel/framework/src/Illuminate/Database/Connectors/Connector.php(66): PDO->__construct('mysql:host=127....', 'root', Object(SensitiveParameterValue), Array)
#1 C:/Users/PC Lenovo/Downloads/SSA_sistemamejorado/sistemamejorado/vendor/laravel/framework/src/Illuminate/Database/Connectors/Connector.php(44): Illuminate/Database/Connectors/Connector->createPdoConnection('mysql:host=127....', 'root', Object(SensitiveParameterValue), Array)
#2 C:/Users/PC Lenovo/Downloads/SSA_sistemamejorado/sistemamejorado/vendor/laravel/framework/src/Illuminate/Database/Connectors/MySqlConnector.php(24): Illuminate/Database/Connectors/Connector->createConnection('mysql:host=127....', Array, Array)
#3 C:/Users/PC Lenovo/Downloads/SSA_sistemamejorado/sistemamejorado/vendor/laravel/framework/src/Illuminate/Database/Connectors/ConnectionFactory.php(185): Illuminate/Database/Connectors/MySqlConnector->connect(Array)
#4 [internal function]: Illuminate/Database/Connectors/ConnectionFactory->Illuminate/Database/Connectors/{closure}()
#5 C:/Users/PC Lenovo/Downloads/SSA_sistemamejorado/sistemamejorado/vendor/laravel/framework/src/Illuminate/Database/Connection.php(1231): call_user_func(Object(Closure))
#6 C:/Users/PC Lenovo/Downloads/SSA_sistemamejorado/sistemamejorado/vendor/laravel/framework/src/Illuminate/Database/Connection.php(1267): Illuminate/Database/Connection->getPdo()
#7 C:/Users/PC Lenovo/Downloads/SSA_sistemamejorado/sistemamejorado/vendor/laravel/framework/src/Illuminate/Database/Connection.php(512): Illuminate/Database/Connection->getReadPdo()
#8 C:/Users/PC Lenovo/Downloads/SSA_sistemamejorado/sistemamejorado/vendor/laravel/framework/src/Illuminate/Database/Connection.php(407): Illuminate/Database/Connection->getPdoForSelect(true)
#9 C:/Users/PC Lenovo/Downloads/SSA_sistemamejorado/sistemamejorado/vendor/laravel/framework/src/Illuminate/Database/Connection.php(812): Illuminate/Database/Connection->Illuminate/Database/{closure}('select exists (...', Array)
#10 C:/Users/PC Lenovo/Downloads/SSA_sistemamejorado/sistemamejorado/vendor/laravel/framework/src/Illuminate/Database/Connection.php(779): Illuminate/Database/Connection->runQueryCallback('select exists (...', Array, Object(Closure))
#11 C:/Users/PC Lenovo/Downloads/SSA_sistemamejorado/sistemamejorado/vendor/laravel/framework/src/Illuminate/Database/Connection.php(398): Illuminate/Database/Connection->run('select exists (...', Array, Object(Closure))
#12 C:/Users/PC Lenovo/Downloads/SSA_sistemamejorado/sistemamejorado/vendor/laravel/framework/src/Illuminate/Database/Connection.php(344): Illuminate/Database/Connection->select('select exists (...', Array, true)
#13 C:/Users/PC Lenovo/Downloads/SSA_sistemamejorado/sistemamejorado/vendor/laravel/framework/src/Illuminate/Database/Connection.php(361): Illuminate/Database/Connection->selectOne('select exists (...', Array, true)
#14 C:/Users/PC Lenovo/Downloads/SSA_sistemamejorado/sistemamejorado/vendor/laravel/framework/src/Illuminate/Database/Schema/MySqlBuilder.php(45): Illuminate/Database/Connection->scalar('select exists (...')
#15 C:/Users/PC Lenovo/Downloads/SSA_sistemamejorado/sistemamejorado/vendor/laravel/framework/src/Illuminate/Database/Migrations/DatabaseMigrationRepository.php(184): Illuminate/Database/Schema/MySqlBuilder->hasTable('migrations')
#16 C:/Users/PC Lenovo/Downloads/SSA_sistemamejorado/sistemamejorado/vendor/laravel/framework/src/Illuminate/Database/Migrations/Migrator.php(742): Illuminate/Database/Migrations/DatabaseMigrationRepository->repositoryExists()
#17 C:/Users/PC Lenovo/Downloads/SSA_sistemamejorado/sistemamejorado/vendor/laravel/framework/src/Illuminate/Database/Console/Migrations/MigrateCommand.php(165): Illuminate/Database/Migrations/Migrator->repositoryExists()
#18 C:/Users/PC Lenovo/Downloads/SSA_sistemamejorado/sistemamejorado/vendor/laravel/framework/src/Illuminate/Support/helpers.php(338): Illuminate/Database/Console/Migrations/MigrateCommand->Illuminate/Database/Console/Migrations/{closure}(1)
#19 C:/Users/PC Lenovo/Downloads/SSA_sistemamejorado/sistemamejorado/vendor/laravel/framework/src/Illuminate/Database/Console/Migrations/MigrateCommand.php(165): retry(1, Object(Closure), 0, Object(Closure))
#20 C:/Users/PC Lenovo/Downloads/SSA_sistemamejorado/sistemamejorado/vendor/laravel/framework/src/Illuminate/Database/Console/Migrations/MigrateCommand.php(141): Illuminate/Database/Console/Migrations/MigrateCommand->repositoryExists()
#21 C:/Users/PC Lenovo/Downloads/SSA_sistemamejorado/sistemamejorado/vendor/laravel/framework/src/Illuminate/Database/Console/Migrations/MigrateCommand.php(111): Illuminate/Database/Console/Migrations/MigrateCommand->prepareDatabase()
#22 C:/Users/PC Lenovo/Downloads/SSA_sistemamejorado/sistemamejorado/vendor/laravel/framework/src/Illuminate/Database/Migrations/Migrator.php(658): Illuminate/Database/Console/Migrations/MigrateCommand->Illuminate/Database/Console/Migrations/{closure}()
#23 C:/Users/PC Lenovo/Downloads/SSA_sistemamejorado/sistemamejorado/vendor/laravel/framework/src/Illuminate/Database/Console/Migrations/MigrateCommand.php(110): Illuminate/Database/Migrations/Migrator->usingConnection(NULL, Object(Closure))
#24 C:/Users/PC Lenovo/Downloads/SSA_sistemamejorado/sistemamejorado/vendor/laravel/framework/src/Illuminate/Database/Console/Migrations/MigrateCommand.php(89): Illuminate/Database/Console/Migrations/MigrateCommand->runMigrations()
#25 C:/Users/PC Lenovo/Downloads/SSA_sistemamejorado/sistemamejorado/vendor/laravel/framework/src/Illuminate/Container/BoundMethod.php(36): Illuminate/Database/Console/Migrations/MigrateCommand->handle()
#26 C:/Users/PC Lenovo/Downloads/SSA_sistemamejorado/sistemamejorado/vendor/laravel/framework/src/Illuminate/Container/Util.php(43): Illuminate/Container/BoundMethod::Illuminate/Container/{closure}()
#27 C:/Users/PC Lenovo/Downloads/SSA_sistemamejorado/sistemamejorado/vendor/laravel/framework/src/Illuminate/Container/BoundMethod.php(95): Illuminate/Container/Util::unwrapIfClosure(Object(Closure))
#28 C:/Users/PC Lenovo/Downloads/SSA_sistemamejorado/sistemamejorado/vendor/laravel/framework/src/Illuminate/Container/BoundMethod.php(35): Illuminate/Container/BoundMethod::callBoundMethod(Object(Illuminate/Foundation/Application), Array, Object(Closure))
#29 C:/Users/PC Lenovo/Downloads/SSA_sistemamejorado/sistemamejorado/vendor/laravel/framework/src/Illuminate/Container/Container.php(696): Illuminate/Container/BoundMethod::call(Object(Illuminate/Foundation/Application), Array, Array, NULL)
#30 C:/Users/PC Lenovo/Downloads/SSA_sistemamejorado/sistemamejorado/vendor/laravel/framework/src/Illuminate/Console/Command.php(213): Illuminate/Container/Container->call(Array)
#31 C:/Users/PC Lenovo/Downloads/SSA_sistemamejorado/sistemamejorado/vendor/symfony/console/Command/Command.php(341): Illuminate/Console/Command->execute(Object(Symfony/Component/Console/Input/ArgvInput), Object(Illuminate/Console/OutputStyle))
#32 C:/Users/PC Lenovo/Downloads/SSA_sistemamejorado/sistemamejorado/vendor/laravel/framework/src/Illuminate/Console/Command.php(182): Symfony/Component/Console/Command/Command->run(Object(Symfony/Component/Console/Input/ArgvInput), Object(Illuminate/Console/OutputStyle))
#33 C:/Users/PC Lenovo/Downloads/SSA_sistemamejorado/sistemamejorado/vendor/symfony/console/Application.php(1117): Illuminate/Console/Command->run(Object(Symfony/Component/Console/Input/ArgvInput), Object(Symfony/Component/Console/Output/ConsoleOutput))
#34 C:/Users/PC Lenovo/Downloads/SSA_sistemamejorado/sistemamejorado/vendor/symfony/console/Application.php(356): Symfony/Component/Console/Application->doRunCommand(Object(Illuminate/Database/Console/Migrations/MigrateCommand), Object(Symfony/Component/Console/Input/ArgvInput), Object(Symfony/Component/Console/Output/ConsoleOutput))
#35 C:/Users/PC Lenovo/Downloads/SSA_sistemamejorado/sistemamejorado/vendor/symfony/console/Application.php(195): Symfony/Component/Console/Application->doRun(Object(Symfony/Component/Console/Input/ArgvInput), Object(Symfony/Component/Console/Output/ConsoleOutput))
#36 C:/Users/PC Lenovo/Downloads/SSA_sistemamejorado/sistemamejorado/vendor/laravel/framework/src/Illuminate/Foundation/Console/Kernel.php(198): Symfony/Component/Console/Application->run(Object(Symfony/Component/Console/Input/ArgvInput), Object(Symfony/Component/Console/Output/ConsoleOutput))
#37 C:/Users/PC Lenovo/Downloads/SSA_sistemamejorado/sistemamejorado/vendor/laravel/framework/src/Illuminate/Foundation/Application.php(1235): Illuminate/Foundation/Console/Kernel->handle(Object(Symfony/Component/Console/Input/ArgvInput), Object(Symfony/Component/Console/Output/ConsoleOutput))
#38 C:/Users/PC Lenovo/Downloads/SSA_sistemamejorado/sistemamejorado/artisan(13): Illuminate/Foundation/Application->handleCommand(Object(Symfony/Component/Console/Input/ArgvInput))
#39 {main}
"} 
[2026-07-03 18:04:22] local.ERROR: Call to a member function esAdministrador() on null (View: C:\Users\PC Lenovo\Downloads\SSA_sistemamejorado\sistemamejorado\resources\views\layouts\app.blade.php) (View: C:\Users\PC Lenovo\Downloads\SSA_sistemamejorado\sistemamejorado\resources\views\layouts\app.blade.php) {"exception":"[object] (Illuminate\\View\\ViewException(code: 0): Call to a member function esAdministrador() on null (View: C:\\Users\\PC Lenovo\\Downloads\\SSA_sistemamejorado\\sistemamejorado\\resources\\views\\layouts\\app.blade.php) (View: C:\\Users\\PC Lenovo\\Downloads\\SSA_sistemamejorado\\sistemamejorado\\resources\\views\\layouts\\app.blade.php) at C:/Users/PC Lenovo/Downloads/SSA_sistemamejorado/sistemamejorado/storage/framework/views/f662744a7e0b52f292f8c4df22a89f25.php:45)
[stacktrace]
#0 C:/Users/PC Lenovo/Downloads/SSA_sistemamejorado/sistemamejorado/vendor/laravel/framework/src/Illuminate/View/Engines/PhpEngine.php(60): Illuminate/View/Engines/CompilerEngine->handleViewException(Object(Illuminate/View/ViewException), 1)
#1 C:/Users/PC Lenovo/Downloads/SSA_sistemamejorado/sistemamejorado/vendor/laravel/framework/src/Illuminate/View/Engines/CompilerEngine.php(75): Illuminate/View/Engines/PhpEngine->evaluatePath('C://Users//PC Len...', Array)
#2 C:/Users/PC Lenovo/Downloads/SSA_sistemamejorado/sistemamejorado/vendor/laravel/framework/src/Illuminate/View/View.php(209): Illuminate/View/Engines/CompilerEngine->get('C://Users//PC Len...', Array)
#3 C:/Users/PC Lenovo/Downloads/SSA_sistemamejorado/sistemamejorado/vendor/laravel/framework/src/Illuminate/View/View.php(192): Illuminate/View/View->getContents()
#4 C:/Users/PC Lenovo/Downloads/SSA_sistemamejorado/sistemamejorado/vendor/laravel/framework/src/Illuminate/View/View.php(161): Illuminate/View/View->renderContents()
#5 C:/Users/PC Lenovo/Downloads/SSA_sistemamejorado/sistemamejorado/vendor/laravel/framework/src/Illuminate/Http/Response.php(79): Illuminate/View/View->render()
#6 C:/Users/PC Lenovo/Downloads/SSA_sistemamejorado/sistemamejorado/vendor/laravel/framework/src/Illuminate/Http/Response.php(35): Illuminate/Http/Response->setContent(Object(Illuminate/View/View))
#7 C:/Users/PC Lenovo/Downloads/SSA_sistemamejorado/sistemamejorado/vendor/laravel/framework/src/Illuminate/Routing/ResponseFactory.php(60): Illuminate/Http/Response->__construct(Object(Illuminate/View/View), 404, Array)
#8 C:/Users/PC Lenovo/Downloads/SSA_sistemamejorado/sistemamejorado/vendor/laravel/framework/src/Illuminate/Routing/ResponseFactory.php(90): Illuminate/Routing/ResponseFactory->make(Object(Illuminate/View/View), 404, Array)
#9 C:/Users/PC Lenovo/Downloads/SSA_sistemamejorado/sistemamejorado/vendor/laravel/framework/src/Illuminate/Foundation/Exceptions/Handler.php(894): Illuminate/Routing/ResponseFactory->view('errors::404', Array, 404, Array)
#10 C:/Users/PC Lenovo/Downloads/SSA_sistemamejorado/sistemamejorado/vendor/laravel/framework/src/Illuminate/Foundation/Exceptions/Handler.php(815): Illuminate/Foundation/Exceptions/Handler->renderHttpException(Object(Symfony/Component/HttpKernel/Exception/NotFoundHttpException))
#11 C:/Users/PC Lenovo/Downloads/SSA_sistemamejorado/sistemamejorado/vendor/laravel/framework/src/Illuminate/Foundation/Exceptions/Handler.php(706): Illuminate/Foundation/Exceptions/Handler->prepareResponse(Object(Illuminate/Http/Request), Object(Symfony/Component/HttpKernel/Exception/NotFoundHttpException))
#12 C:/Users/PC Lenovo/Downloads/SSA_sistemamejorado/sistemamejorado/vendor/laravel/framework/src/Illuminate/Foundation/Exceptions/Handler.php(594): Illuminate/Foundation/Exceptions/Handler->renderExceptionResponse(Object(Illuminate/Http/Request), Object(Symfony/Component/HttpKernel/Exception/NotFoundHttpException))
#13 C:/Users/PC Lenovo/Downloads/SSA_sistemamejorado/sistemamejorado/vendor/laravel/framework/src/Illuminate/Routing/Pipeline.php(51): Illuminate/Foundation/Exceptions/Handler->render(Object(Illuminate/Http/Request), Object(Symfony/Component/HttpKernel/Exception/NotFoundHttpException))
#14 C:/Users/PC Lenovo/Downloads/SSA_sistemamejorado/sistemamejorado/vendor/laravel/framework/src/Illuminate/Pipeline/Pipeline.php(172): Illuminate/Routing/Pipeline->handleException(Object(Illuminate/Http/Request), Object(Symfony/Component/HttpKernel/Exception/NotFoundHttpException))
#15 C:/Users/PC Lenovo/Downloads/SSA_sistemamejorado/sistemamejorado/vendor/laravel/framework/src/Illuminate/Foundation/Http/Middleware/TransformsRequest.php(21): Illuminate/Pipeline/Pipeline->Illuminate/Pipeline/{closure}(Object(Illuminate/Http/Request))
#16 C:/Users/PC Lenovo/Downloads/SSA_sistemamejorado/sistemamejorado/vendor/laravel/framework/src/Illuminate/Foundation/Http/Middleware/ConvertEmptyStringsToNull.php(31): Illuminate/Foundation/Http/Middleware/TransformsRequest->handle(Object(Illuminate/Http/Request), Object(Closure))
#17 C:/Users/PC Lenovo/Downloads/SSA_sistemamejorado/sistemamejorado/vendor/laravel/framework/src/Illuminate/Pipeline/Pipeline.php(209): Illuminate/Foundation/Http/Middleware/ConvertEmptyStringsToNull->handle(Object(Illuminate/Http/Request), Object(Closure))
#18 C:/Users/PC Lenovo/Downloads/SSA_sistemamejorado/sistemamejorado/vendor/laravel/framework/src/Illuminate/Foundation/Http/Middleware/TransformsRequest.php(21): Illuminate/Pipeline/Pipeline->Illuminate/Pipeline/{closure}(Object(Illuminate/Http/Request))
#19 C:/Users/PC Lenovo/Downloads/SSA_sistemamejorado/sistemamejorado/vendor/laravel/framework/src/Illuminate/Foundation/Http/Middleware/TrimStrings.php(51): Illuminate/Foundation/Http/Middleware/TransformsRequest->handle(Object(Illuminate/Http/Request), Object(Closure))
#20 C:/Users/PC Lenovo/Downloads/SSA_sistemamejorado/sistemamejorado/vendor/laravel/framework/src/Illuminate/Pipeline/Pipeline.php(209): Illuminate/Foundation/Http/Middleware/TrimStrings->handle(Object(Illuminate/Http/Request), Object(Closure))
#21 C:/Users/PC Lenovo/Downloads/SSA_sistemamejorado/sistemamejorado/vendor/laravel/framework/src/Illuminate/Http/Middleware/ValidatePostSize.php(27): Illuminate/Pipeline/Pipeline->Illuminate/Pipeline/{closure}(Object(Illuminate/Http/Request))
#22 C:/Users/PC Lenovo/Downloads/SSA_sistemamejorado/sistemamejorado/vendor/laravel/framework/src/Illuminate/Pipeline/Pipeline.php(209): Illuminate/Http/Middleware/ValidatePostSize->handle(Object(Illuminate/Http/Request), Object(Closure))
#23 C:/Users/PC Lenovo/Downloads/SSA_sistemamejorado/sistemamejorado/vendor/laravel/framework/src/Illuminate/Foundation/Http/Middleware/PreventRequestsDuringMaintenance.php(110): Illuminate/Pipeline/Pipeline->Illuminate/Pipeline/{closure}(Object(Illuminate/Http/Request))
#24 C:/Users/PC Lenovo/Downloads/SSA_sistemamejorado/sistemamejorado/vendor/laravel/framework/src/Illuminate/Pipeline/Pipeline.php(209): Illuminate/Foundation/Http/Middleware/PreventRequestsDuringMaintenance->handle(Object(Illuminate/Http/Request), Object(Closure))
#25 C:/Users/PC Lenovo/Downloads/SSA_sistemamejorado/sistemamejorado/vendor/laravel/framework/src/Illuminate/Http/Middleware/HandleCors.php(49): Illuminate/Pipeline/Pipeline->Illuminate/Pipeline/{closure}(Object(Illuminate/Http/Request))
#26 C:/Users/PC Lenovo/Downloads/SSA_sistemamejorado/sistemamejorado/vendor/laravel/framework/src/Illuminate/Pipeline/Pipeline.php(209): Illuminate/Http/Middleware/HandleCors->handle(Object(Illuminate/Http/Request), Object(Closure))
#27 C:/Users/PC Lenovo/Downloads/SSA_sistemamejorado/sistemamejorado/vendor/laravel/framework/src/Illuminate/Http/Middleware/TrustProxies.php(58): Illuminate/Pipeline/Pipeline->Illuminate/Pipeline/{closure}(Object(Illuminate/Http/Request))
#28 C:/Users/PC Lenovo/Downloads/SSA_sistemamejorado/sistemamejorado/vendor/laravel/framework/src/Illuminate/Pipeline/Pipeline.php(209): Illuminate/Http/Middleware/TrustProxies->handle(Object(Illuminate/Http/Request), Object(Closure))
#29 C:/Users/PC Lenovo/Downloads/SSA_sistemamejorado/sistemamejorado/vendor/laravel/framework/src/Illuminate/Foundation/Http/Middleware/InvokeDeferredCallbacks.php(22): Illuminate/Pipeline/Pipeline->Illuminate/Pipeline/{closure}(Object(Illuminate/Http/Request))
#30 C:/Users/PC Lenovo/Downloads/SSA_sistemamejorado/sistemamejorado/vendor/laravel/framework/src/Illuminate/Pipeline/Pipeline.php(209): Illuminate/Foundation/Http/Middleware/InvokeDeferredCallbacks->handle(Object(Illuminate/Http/Request), Object(Closure))
#31 C:/Users/PC Lenovo/Downloads/SSA_sistemamejorado/sistemamejorado/vendor/laravel/framework/src/Illuminate/Pipeline/Pipeline.php(127): Illuminate/Pipeline/Pipeline->Illuminate/Pipeline/{closure}(Object(Illuminate/Http/Request))
#32 C:/Users/PC Lenovo/Downloads/SSA_sistemamejorado/sistemamejorado/vendor/laravel/framework/src/Illuminate/Foundation/Http/Kernel.php(176): Illuminate/Pipeline/Pipeline->then(Object(Closure))
#33 C:/Users/PC Lenovo/Downloads/SSA_sistemamejorado/sistemamejorado/vendor/laravel/framework/src/Illuminate/Foundation/Http/Kernel.php(145): Illuminate/Foundation/Http/Kernel->sendRequestThroughRouter(Object(Illuminate/Http/Request))
#34 C:/Users/PC Lenovo/Downloads/SSA_sistemamejorado/sistemamejorado/vendor/laravel/framework/src/Illuminate/Foundation/Application.php(1220): Illuminate/Foundation/Http/Kernel->handle(Object(Illuminate/Http/Request))
#35 C:/Users/PC Lenovo/Downloads/SSA_sistemamejorado/sistemamejorado/public/index.php(12): Illuminate/Foundation/Application->handleRequest(Object(Illuminate/Http/Request))
#36 C:/Users/PC Lenovo/Downloads/SSA_sistemamejorado/sistemamejorado/vendor/laravel/framework/src/Illuminate/Foundation/resources/server.php(23): require_once('C://Users//PC Len...')
#37 {main}

[previous exception] [object] (Illuminate\\View\\ViewException(code: 0): Call to a member function esAdministrador() on null (View: C:\\Users\\PC Lenovo\\Downloads\\SSA_sistemamejorado\\sistemamejorado\\resources\\views\\layouts\\app.blade.php) at C:/Users/PC Lenovo/Downloads/SSA_sistemamejorado/sistemamejorado/storage/framework/views/f662744a7e0b52f292f8c4df22a89f25.php:45)
[stacktrace]
#0 C:/Users/PC Lenovo/Downloads/SSA_sistemamejorado/sistemamejorado/vendor/laravel/framework/src/Illuminate/View/Engines/PhpEngine.php(60): Illuminate/View/Engines/CompilerEngine->handleViewException(Object(Error), 2)
#1 C:/Users/PC Lenovo/Downloads/SSA_sistemamejorado/sistemamejorado/vendor/laravel/framework/src/Illuminate/View/Engines/CompilerEngine.php(75): Illuminate/View/Engines/PhpEngine->evaluatePath('C://Users//PC Len...', Array)
#2 C:/Users/PC Lenovo/Downloads/SSA_sistemamejorado/sistemamejorado/vendor/laravel/framework/src/Illuminate/View/View.php(209): Illuminate/View/Engines/CompilerEngine->get('C://Users//PC Len...', Array)
#3 C:/Users/PC Lenovo/Downloads/SSA_sistemamejorado/sistemamejorado/vendor/laravel/framework/src/Illuminate/View/View.php(192): Illuminate/View/View->getContents()
#4 C:/Users/PC Lenovo/Downloads/SSA_sistemamejorado/sistemamejorado/vendor/laravel/framework/src/Illuminate/View/View.php(161): Illuminate/View/View->renderContents()
#5 C:/Users/PC Lenovo/Downloads/SSA_sistemamejorado/sistemamejorado/storage/framework/views/c2b457f0ed436e14181d198268d1630a.php(21): Illuminate/View/View->render()
#6 C:/Users/PC Lenovo/Downloads/SSA_sistemamejorado/sistemamejorado/vendor/laravel/framework/src/Illuminate/Filesystem/Filesystem.php(123): require('C://Users//PC Len...')
#7 C:/Users/PC Lenovo/Downloads/SSA_sistemamejorado/sistemamejorado/vendor/laravel/framework/src/Illuminate/Filesystem/Filesystem.php(124): Illuminate/Filesystem/Filesystem::Illuminate/Filesystem/{closure}()
#8 C:/Users/PC Lenovo/Downloads/SSA_sistemamejorado/sistemamejorado/vendor/laravel/framework/src/Illuminate/View/Engines/PhpEngine.php(58): Illuminate/Filesystem/Filesystem->getRequire('C://Users//PC Len...', Array)
#9 C:/Users/PC Lenovo/Downloads/SSA_sistemamejorado/sistemamejorado/vendor/laravel/framework/src/Illuminate/View/Engines/CompilerEngine.php(75): Illuminate/View/Engines/PhpEngine->evaluatePath('C://Users//PC Len...', Array)
#10 C:/Users/PC Lenovo/Downloads/SSA_sistemamejorado/sistemamejorado/vendor/laravel/framework/src/Illuminate/View/View.php(209): Illuminate/View/Engines/CompilerEngine->get('C://Users//PC Len...', Array)
#11 C:/Users/PC Lenovo/Downloads/SSA_sistemamejorado/sistemamejorado/vendor/laravel/framework/src/Illuminate/View/View.php(192): Illuminate/View/View->getContents()
#12 C:/Users/PC Lenovo/Downloads/SSA_sistemamejorado/sistemamejorado/vendor/laravel/framework/src/Illuminate/View/View.php(161): Illuminate/View/View->renderContents()
#13 C:/Users/PC Lenovo/Downloads/SSA_sistemamejorado/sistemamejorado/vendor/laravel/framework/src/Illuminate/Http/Response.php(79): Illuminate/View/View->render()
#14 C:/Users/PC Lenovo/Downloads/SSA_sistemamejorado/sistemamejorado/vendor/laravel/framework/src/Illuminate/Http/Response.php(35): Illuminate/Http/Response->setContent(Object(Illuminate/View/View))
#15 C:/Users/PC Lenovo/Downloads/SSA_sistemamejorado/sistemamejorado/vendor/laravel/framework/src/Illuminate/Routing/ResponseFactory.php(60): Illuminate/Http/Response->__construct(Object(Illuminate/View/View), 404, Array)
#16 C:/Users/PC Lenovo/Downloads/SSA_sistemamejorado/sistemamejorado/vendor/laravel/framework/src/Illuminate/Routing/ResponseFactory.php(90): Illuminate/Routing/ResponseFactory->make(Object(Illuminate/View/View), 404, Array)
#17 C:/Users/PC Lenovo/Downloads/SSA_sistemamejorado/sistemamejorado/vendor/laravel/framework/src/Illuminate/Foundation/Exceptions/Handler.php(894): Illuminate/Routing/ResponseFactory->view('errors::404', Array, 404, Array)
#18 C:/Users/PC Lenovo/Downloads/SSA_sistemamejorado/sistemamejorado/vendor/laravel/framework/src/Illuminate/Foundation/Exceptions/Handler.php(815): Illuminate/Foundation/Exceptions/Handler->renderHttpException(Object(Symfony/Component/HttpKernel/Exception/NotFoundHttpException))
#19 C:/Users/PC Lenovo/Downloads/SSA_sistemamejorado/sistemamejorado/vendor/laravel/framework/src/Illuminate/Foundation/Exceptions/Handler.php(706): Illuminate/Foundation/Exceptions/Handler->prepareResponse(Object(Illuminate/Http/Request), Object(Symfony/Component/HttpKernel/Exception/NotFoundHttpException))
#20 C:/Users/PC Lenovo/Downloads/SSA_sistemamejorado/sistemamejorado/vendor/laravel/framework/src/Illuminate/Foundation/Exceptions/Handler.php(594): Illuminate/Foundation/Exceptions/Handler->renderExceptionResponse(Object(Illuminate/Http/Request), Object(Symfony/Component/HttpKernel/Exception/NotFoundHttpException))
#21 C:/Users/PC Lenovo/Downloads/SSA_sistemamejorado/sistemamejorado/vendor/laravel/framework/src/Illuminate/Routing/Pipeline.php(51): Illuminate/Foundation/Exceptions/Handler->render(Object(Illuminate/Http/Request), Object(Symfony/Component/HttpKernel/Exception/NotFoundHttpException))
#22 C:/Users/PC Lenovo/Downloads/SSA_sistemamejorado/sistemamejorado/vendor/laravel/framework/src/Illuminate/Pipeline/Pipeline.php(172): Illuminate/Routing/Pipeline->handleException(Object(Illuminate/Http/Request), Object(Symfony/Component/HttpKernel/Exception/NotFoundHttpException))
#23 C:/Users/PC Lenovo/Downloads/SSA_sistemamejorado/sistemamejorado/vendor/laravel/framework/src/Illuminate/Foundation/Http/Middleware/TransformsRequest.php(21): Illuminate/Pipeline/Pipeline->Illuminate/Pipeline/{closure}(Object(Illuminate/Http/Request))
#24 C:/Users/PC Lenovo/Downloads/SSA_sistemamejorado/sistemamejorado/vendor/laravel/framework/src/Illuminate/Foundation/Http/Middleware/ConvertEmptyStringsToNull.php(31): Illuminate/Foundation/Http/Middleware/TransformsRequest->handle(Object(Illuminate/Http/Request), Object(Closure))
#25 C:/Users/PC Lenovo/Downloads/SSA_sistemamejorado/sistemamejorado/vendor/laravel/framework/src/Illuminate/Pipeline/Pipeline.php(209): Illuminate/Foundation/Http/Middleware/ConvertEmptyStringsToNull->handle(Object(Illuminate/Http/Request), Object(Closure))
#26 C:/Users/PC Lenovo/Downloads/SSA_sistemamejorado/sistemamejorado/vendor/laravel/framework/src/Illuminate/Foundation/Http/Middleware/TransformsRequest.php(21): Illuminate/Pipeline/Pipeline->Illuminate/Pipeline/{closure}(Object(Illuminate/Http/Request))
#27 C:/Users/PC Lenovo/Downloads/SSA_sistemamejorado/sistemamejorado/vendor/laravel/framework/src/Illuminate/Foundation/Http/Middleware/TrimStrings.php(51): Illuminate/Foundation/Http/Middleware/TransformsRequest->handle(Object(Illuminate/Http/Request), Object(Closure))
#28 C:/Users/PC Lenovo/Downloads/SSA_sistemamejorado/sistemamejorado/vendor/laravel/framework/src/Illuminate/Pipeline/Pipeline.php(209): Illuminate/Foundation/Http/Middleware/TrimStrings->handle(Object(Illuminate/Http/Request), Object(Closure))
#29 C:/Users/PC Lenovo/Downloads/SSA_sistemamejorado/sistemamejorado/vendor/laravel/framework/src/Illuminate/Http/Middleware/ValidatePostSize.php(27): Illuminate/Pipeline/Pipeline->Illuminate/Pipeline/{closure}(Object(Illuminate/Http/Request))
#30 C:/Users/PC Lenovo/Downloads/SSA_sistemamejorado/sistemamejorado/vendor/laravel/framework/src/Illuminate/Pipeline/Pipeline.php(209): Illuminate/Http/Middleware/ValidatePostSize->handle(Object(Illuminate/Http/Request), Object(Closure))
#31 C:/Users/PC Lenovo/Downloads/SSA_sistemamejorado/sistemamejorado/vendor/laravel/framework/src/Illuminate/Foundation/Http/Middleware/PreventRequestsDuringMaintenance.php(110): Illuminate/Pipeline/Pipeline->Illuminate/Pipeline/{closure}(Object(Illuminate/Http/Request))
#32 C:/Users/PC Lenovo/Downloads/SSA_sistemamejorado/sistemamejorado/vendor/laravel/framework/src/Illuminate/Pipeline/Pipeline.php(209): Illuminate/Foundation/Http/Middleware/PreventRequestsDuringMaintenance->handle(Object(Illuminate/Http/Request), Object(Closure))
#33 C:/Users/PC Lenovo/Downloads/SSA_sistemamejorado/sistemamejorado/vendor/laravel/framework/src/Illuminate/Http/Middleware/HandleCors.php(49): Illuminate/Pipeline/Pipeline->Illuminate/Pipeline/{closure}(Object(Illuminate/Http/Request))
#34 C:/Users/PC Lenovo/Downloads/SSA_sistemamejorado/sistemamejorado/vendor/laravel/framework/src/Illuminate/Pipeline/Pipeline.php(209): Illuminate/Http/Middleware/HandleCors->handle(Object(Illuminate/Http/Request), Object(Closure))
#35 C:/Users/PC Lenovo/Downloads/SSA_sistemamejorado/sistemamejorado/vendor/laravel/framework/src/Illuminate/Http/Middleware/TrustProxies.php(58): Illuminate/Pipeline/Pipeline->Illuminate/Pipeline/{closure}(Object(Illuminate/Http/Request))
#36 C:/Users/PC Lenovo/Downloads/SSA_sistemamejorado/sistemamejorado/vendor/laravel/framework/src/Illuminate/Pipeline/Pipeline.php(209): Illuminate/Http/Middleware/TrustProxies->handle(Object(Illuminate/Http/Request), Object(Closure))
#37 C:/Users/PC Lenovo/Downloads/SSA_sistemamejorado/sistemamejorado/vendor/laravel/framework/src/Illuminate/Foundation/Http/Middleware/InvokeDeferredCallbacks.php(22): Illuminate/Pipeline/Pipeline->Illuminate/Pipeline/{closure}(Object(Illuminate/Http/Request))
#38 C:/Users/PC Lenovo/Downloads/SSA_sistemamejorado/sistemamejorado/vendor/laravel/framework/src/Illuminate/Pipeline/Pipeline.php(209): Illuminate/Foundation/Http/Middleware/InvokeDeferredCallbacks->handle(Object(Illuminate/Http/Request), Object(Closure))
#39 C:/Users/PC Lenovo/Downloads/SSA_sistemamejorado/sistemamejorado/vendor/laravel/framework/src/Illuminate/Pipeline/Pipeline.php(127): Illuminate/Pipeline/Pipeline->Illuminate/Pipeline/{closure}(Object(Illuminate/Http/Request))
#40 C:/Users/PC Lenovo/Downloads/SSA_sistemamejorado/sistemamejorado/vendor/laravel/framework/src/Illuminate/Foundation/Http/Kernel.php(176): Illuminate/Pipeline/Pipeline->then(Object(Closure))
#41 C:/Users/PC Lenovo/Downloads/SSA_sistemamejorado/sistemamejorado/vendor/laravel/framework/src/Illuminate/Foundation/Http/Kernel.php(145): Illuminate/Foundation/Http/Kernel->sendRequestThroughRouter(Object(Illuminate/Http/Request))
#42 C:/Users/PC Lenovo/Downloads/SSA_sistemamejorado/sistemamejorado/vendor/laravel/framework/src/Illuminate/Foundation/Application.php(1220): Illuminate/Foundation/Http/Kernel->handle(Object(Illuminate/Http/Request))
#43 C:/Users/PC Lenovo/Downloads/SSA_sistemamejorado/sistemamejorado/public/index.php(12): Illuminate/Foundation/Application->handleRequest(Object(Illuminate/Http/Request))
#44 C:/Users/PC Lenovo/Downloads/SSA_sistemamejorado/sistemamejorado/vendor/laravel/framework/src/Illuminate/Foundation/resources/server.php(23): require_once('C://Users//PC Len...')
#45 {main}

[previous exception] [object] (Error(code: 0): Call to a member function esAdministrador() on null at C:/Users/PC Lenovo/Downloads/SSA_sistemamejorado/sistemamejorado/storage/framework/views/f662744a7e0b52f292f8c4df22a89f25.php:45)
[stacktrace]
#0 C:/Users/PC Lenovo/Downloads/SSA_sistemamejorado/sistemamejorado/vendor/laravel/framework/src/Illuminate/Filesystem/Filesystem.php(123): require()
#1 C:/Users/PC Lenovo/Downloads/SSA_sistemamejorado/sistemamejorado/vendor/laravel/framework/src/Illuminate/Filesystem/Filesystem.php(124): Illuminate/Filesystem/Filesystem::Illuminate/Filesystem/{closure}()
#2 C:/Users/PC Lenovo/Downloads/SSA_sistemamejorado/sistemamejorado/vendor/laravel/framework/src/Illuminate/View/Engines/PhpEngine.php(58): Illuminate/Filesystem/Filesystem->getRequire('C://Users//PC Len...', Array)
#3 C:/Users/PC Lenovo/Downloads/SSA_sistemamejorado/sistemamejorado/vendor/laravel/framework/src/Illuminate/View/Engines/CompilerEngine.php(75): Illuminate/View/Engines/PhpEngine->evaluatePath('C://Users//PC Len...', Array)
#4 C:/Users/PC Lenovo/Downloads/SSA_sistemamejorado/sistemamejorado/vendor/laravel/framework/src/Illuminate/View/View.php(209): Illuminate/View/Engines/CompilerEngine->get('C://Users//PC Len...', Array)
#5 C:/Users/PC Lenovo/Downloads/SSA_sistemamejorado/sistemamejorado/vendor/laravel/framework/src/Illuminate/View/View.php(192): Illuminate/View/View->getContents()
#6 C:/Users/PC Lenovo/Downloads/SSA_sistemamejorado/sistemamejorado/vendor/laravel/framework/src/Illuminate/View/View.php(161): Illuminate/View/View->renderContents()
#7 C:/Users/PC Lenovo/Downloads/SSA_sistemamejorado/sistemamejorado/storage/framework/views/c2b457f0ed436e14181d198268d1630a.php(21): Illuminate/View/View->render()
#8 C:/Users/PC Lenovo/Downloads/SSA_sistemamejorado/sistemamejorado/vendor/laravel/framework/src/Illuminate/Filesystem/Filesystem.php(123): require('C://Users//PC Len...')
#9 C:/Users/PC Lenovo/Downloads/SSA_sistemamejorado/sistemamejorado/vendor/laravel/framework/src/Illuminate/Filesystem/Filesystem.php(124): Illuminate/Filesystem/Filesystem::Illuminate/Filesystem/{closure}()
#10 C:/Users/PC Lenovo/Downloads/SSA_sistemamejorado/sistemamejorado/vendor/laravel/framework/src/Illuminate/View/Engines/PhpEngine.php(58): Illuminate/Filesystem/Filesystem->getRequire('C://Users//PC Len...', Array)
#11 C:/Users/PC Lenovo/Downloads/SSA_sistemamejorado/sistemamejorado/vendor/laravel/framework/src/Illuminate/View/Engines/CompilerEngine.php(75): Illuminate/View/Engines/PhpEngine->evaluatePath('C://Users//PC Len...', Array)
#12 C:/Users/PC Lenovo/Downloads/SSA_sistemamejorado/sistemamejorado/vendor/laravel/framework/src/Illuminate/View/View.php(209): Illuminate/View/Engines/CompilerEngine->get('C://Users//PC Len...', Array)
#13 C:/Users/PC Lenovo/Downloads/SSA_sistemamejorado/sistemamejorado/vendor/laravel/framework/src/Illuminate/View/View.php(192): Illuminate/View/View->getContents()
#14 C:/Users/PC Lenovo/Downloads/SSA_sistemamejorado/sistemamejorado/vendor/laravel/framework/src/Illuminate/View/View.php(161): Illuminate/View/View->renderContents()
#15 C:/Users/PC Lenovo/Downloads/SSA_sistemamejorado/sistemamejorado/vendor/laravel/framework/src/Illuminate/Http/Response.php(79): Illuminate/View/View->render()
#16 C:/Users/PC Lenovo/Downloads/SSA_sistemamejorado/sistemamejorado/vendor/laravel/framework/src/Illuminate/Http/Response.php(35): Illuminate/Http/Response->setContent(Object(Illuminate/View/View))
#17 C:/Users/PC Lenovo/Downloads/SSA_sistemamejorado/sistemamejorado/vendor/laravel/framework/src/Illuminate/Routing/ResponseFactory.php(60): Illuminate/Http/Response->__construct(Object(Illuminate/View/View), 404, Array)
#18 C:/Users/PC Lenovo/Downloads/SSA_sistemamejorado/sistemamejorado/vendor/laravel/framework/src/Illuminate/Routing/ResponseFactory.php(90): Illuminate/Routing/ResponseFactory->make(Object(Illuminate/View/View), 404, Array)
#19 C:/Users/PC Lenovo/Downloads/SSA_sistemamejorado/sistemamejorado/vendor/laravel/framework/src/Illuminate/Foundation/Exceptions/Handler.php(894): Illuminate/Routing/ResponseFactory->view('errors::404', Array, 404, Array)
#20 C:/Users/PC Lenovo/Downloads/SSA_sistemamejorado/sistemamejorado/vendor/laravel/framework/src/Illuminate/Foundation/Exceptions/Handler.php(815): Illuminate/Foundation/Exceptions/Handler->renderHttpException(Object(Symfony/Component/HttpKernel/Exception/NotFoundHttpException))
#21 C:/Users/PC Lenovo/Downloads/SSA_sistemamejorado/sistemamejorado/vendor/laravel/framework/src/Illuminate/Foundation/Exceptions/Handler.php(706): Illuminate/Foundation/Exceptions/Handler->prepareResponse(Object(Illuminate/Http/Request), Object(Symfony/Component/HttpKernel/Exception/NotFoundHttpException))
#22 C:/Users/PC Lenovo/Downloads/SSA_sistemamejorado/sistemamejorado/vendor/laravel/framework/src/Illuminate/Foundation/Exceptions/Handler.php(594): Illuminate/Foundation/Exceptions/Handler->renderExceptionResponse(Object(Illuminate/Http/Request), Object(Symfony/Component/HttpKernel/Exception/NotFoundHttpException))
#23 C:/Users/PC Lenovo/Downloads/SSA_sistemamejorado/sistemamejorado/vendor/laravel/framework/src/Illuminate/Routing/Pipeline.php(51): Illuminate/Foundation/Exceptions/Handler->render(Object(Illuminate/Http/Request), Object(Symfony/Component/HttpKernel/Exception/NotFoundHttpException))
#24 C:/Users/PC Lenovo/Downloads/SSA_sistemamejorado/sistemamejorado/vendor/laravel/framework/src/Illuminate/Pipeline/Pipeline.php(172): Illuminate/Routing/Pipeline->handleException(Object(Illuminate/Http/Request), Object(Symfony/Component/HttpKernel/Exception/NotFoundHttpException))
#25 C:/Users/PC Lenovo/Downloads/SSA_sistemamejorado/sistemamejorado/vendor/laravel/framework/src/Illuminate/Foundation/Http/Middleware/TransformsRequest.php(21): Illuminate/Pipeline/Pipeline->Illuminate/Pipeline/{closure}(Object(Illuminate/Http/Request))
#26 C:/Users/PC Lenovo/Downloads/SSA_sistemamejorado/sistemamejorado/vendor/laravel/framework/src/Illuminate/Foundation/Http/Middleware/ConvertEmptyStringsToNull.php(31): Illuminate/Foundation/Http/Middleware/TransformsRequest->handle(Object(Illuminate/Http/Request), Object(Closure))
#27 C:/Users/PC Lenovo/Downloads/SSA_sistemamejorado/sistemamejorado/vendor/laravel/framework/src/Illuminate/Pipeline/Pipeline.php(209): Illuminate/Foundation/Http/Middleware/ConvertEmptyStringsToNull->handle(Object(Illuminate/Http/Request), Object(Closure))
#28 C:/Users/PC Lenovo/Downloads/SSA_sistemamejorado/sistemamejorado/vendor/laravel/framework/src/Illuminate/Foundation/Http/Middleware/TransformsRequest.php(21): Illuminate/Pipeline/Pipeline->Illuminate/Pipeline/{closure}(Object(Illuminate/Http/Request))
#29 C:/Users/PC Lenovo/Downloads/SSA_sistemamejorado/sistemamejorado/vendor/laravel/framework/src/Illuminate/Foundation/Http/Middleware/TrimStrings.php(51): Illuminate/Foundation/Http/Middleware/TransformsRequest->handle(Object(Illuminate/Http/Request), Object(Closure))
#30 C:/Users/PC Lenovo/Downloads/SSA_sistemamejorado/sistemamejorado/vendor/laravel/framework/src/Illuminate/Pipeline/Pipeline.php(209): Illuminate/Foundation/Http/Middleware/TrimStrings->handle(Object(Illuminate/Http/Request), Object(Closure))
#31 C:/Users/PC Lenovo/Downloads/SSA_sistemamejorado/sistemamejorado/vendor/laravel/framework/src/Illuminate/Http/Middleware/ValidatePostSize.php(27): Illuminate/Pipeline/Pipeline->Illuminate/Pipeline/{closure}(Object(Illuminate/Http/Request))
#32 C:/Users/PC Lenovo/Downloads/SSA_sistemamejorado/sistemamejorado/vendor/laravel/framework/src/Illuminate/Pipeline/Pipeline.php(209): Illuminate/Http/Middleware/ValidatePostSize->handle(Object(Illuminate/Http/Request), Object(Closure))
#33 C:/Users/PC Lenovo/Downloads/SSA_sistemamejorado/sistemamejorado/vendor/laravel/framework/src/Illuminate/Foundation/Http/Middleware/PreventRequestsDuringMaintenance.php(110): Illuminate/Pipeline/Pipeline->Illuminate/Pipeline/{closure}(Object(Illuminate/Http/Request))
#34 C:/Users/PC Lenovo/Downloads/SSA_sistemamejorado/sistemamejorado/vendor/laravel/framework/src/Illuminate/Pipeline/Pipeline.php(209): Illuminate/Foundation/Http/Middleware/PreventRequestsDuringMaintenance->handle(Object(Illuminate/Http/Request), Object(Closure))
#35 C:/Users/PC Lenovo/Downloads/SSA_sistemamejorado/sistemamejorado/vendor/laravel/framework/src/Illuminate/Http/Middleware/HandleCors.php(49): Illuminate/Pipeline/Pipeline->Illuminate/Pipeline/{closure}(Object(Illuminate/Http/Request))
#36 C:/Users/PC Lenovo/Downloads/SSA_sistemamejorado/sistemamejorado/vendor/laravel/framework/src/Illuminate/Pipeline/Pipeline.php(209): Illuminate/Http/Middleware/HandleCors->handle(Object(Illuminate/Http/Request), Object(Closure))
#37 C:/Users/PC Lenovo/Downloads/SSA_sistemamejorado/sistemamejorado/vendor/laravel/framework/src/Illuminate/Http/Middleware/TrustProxies.php(58): Illuminate/Pipeline/Pipeline->Illuminate/Pipeline/{closure}(Object(Illuminate/Http/Request))
#38 C:/Users/PC Lenovo/Downloads/SSA_sistemamejorado/sistemamejorado/vendor/laravel/framework/src/Illuminate/Pipeline/Pipeline.php(209): Illuminate/Http/Middleware/TrustProxies->handle(Object(Illuminate/Http/Request), Object(Closure))
#39 C:/Users/PC Lenovo/Downloads/SSA_sistemamejorado/sistemamejorado/vendor/laravel/framework/src/Illuminate/Foundation/Http/Middleware/InvokeDeferredCallbacks.php(22): Illuminate/Pipeline/Pipeline->Illuminate/Pipeline/{closure}(Object(Illuminate/Http/Request))
#40 C:/Users/PC Lenovo/Downloads/SSA_sistemamejorado/sistemamejorado/vendor/laravel/framework/src/Illuminate/Pipeline/Pipeline.php(209): Illuminate/Foundation/Http/Middleware/InvokeDeferredCallbacks->handle(Object(Illuminate/Http/Request), Object(Closure))
#41 C:/Users/PC Lenovo/Downloads/SSA_sistemamejorado/sistemamejorado/vendor/laravel/framework/src/Illuminate/Pipeline/Pipeline.php(127): Illuminate/Pipeline/Pipeline->Illuminate/Pipeline/{closure}(Object(Illuminate/Http/Request))
#42 C:/Users/PC Lenovo/Downloads/SSA_sistemamejorado/sistemamejorado/vendor/laravel/framework/src/Illuminate/Foundation/Http/Kernel.php(176): Illuminate/Pipeline/Pipeline->then(Object(Closure))
#43 C:/Users/PC Lenovo/Downloads/SSA_sistemamejorado/sistemamejorado/vendor/laravel/framework/src/Illuminate/Foundation/Http/Kernel.php(145): Illuminate/Foundation/Http/Kernel->sendRequestThroughRouter(Object(Illuminate/Http/Request))
#44 C:/Users/PC Lenovo/Downloads/SSA_sistemamejorado/sistemamejorado/vendor/laravel/framework/src/Illuminate/Foundation/Application.php(1220): Illuminate/Foundation/Http/Kernel->handle(Object(Illuminate/Http/Request))
#45 C:/Users/PC Lenovo/Downloads/SSA_sistemamejorado/sistemamejorado/public/index.php(12): Illuminate/Foundation/Application->handleRequest(Object(Illuminate/Http/Request))
#46 C:/Users/PC Lenovo/Downloads/SSA_sistemamejorado/sistemamejorado/vendor/laravel/framework/src/Illuminate/Foundation/resources/server.php(23): require_once('C://Users//PC Len...')
#47 {main}
"} 
[2026-07-03 18:17:27] local.ERROR: Call to a member function esAdministrador() on null (View: C:\Users\PC Lenovo\Downloads\SSA_sistemamejorado\sistemamejorado\resources\views\layouts\app.blade.php) (View: C:\Users\PC Lenovo\Downloads\SSA_sistemamejorado\sistemamejorado\resources\views\layouts\app.blade.php) {"exception":"[object] (Illuminate\\View\\ViewException(code: 0): Call to a member function esAdministrador() on null (View: C:\\Users\\PC Lenovo\\Downloads\\SSA_sistemamejorado\\sistemamejorado\\resources\\views\\layouts\\app.blade.php) (View: C:\\Users\\PC Lenovo\\Downloads\\SSA_sistemamejorado\\sistemamejorado\\resources\\views\\layouts\\app.blade.php) at C:/Users/PC Lenovo/Downloads/SSA_sistemamejorado/sistemamejorado/storage/framework/views/f662744a7e0b52f292f8c4df22a89f25.php:45)
[stacktrace]
#0 C:/Users/PC Lenovo/Downloads/SSA_sistemamejorado/sistemamejorado/vendor/laravel/framework/src/Illuminate/View/Engines/PhpEngine.php(60): Illuminate/View/Engines/CompilerEngine->handleViewException(Object(Illuminate/View/ViewException), 1)
#1 C:/Users/PC Lenovo/Downloads/SSA_sistemamejorado/sistemamejorado/vendor/laravel/framework/src/Illuminate/View/Engines/CompilerEngine.php(75): Illuminate/View/Engines/PhpEngine->evaluatePath('C://Users//PC Len...', Array)
#2 C:/Users/PC Lenovo/Downloads/SSA_sistemamejorado/sistemamejorado/vendor/laravel/framework/src/Illuminate/View/View.php(209): Illuminate/View/Engines/CompilerEngine->get('C://Users//PC Len...', Array)
#3 C:/Users/PC Lenovo/Downloads/SSA_sistemamejorado/sistemamejorado/vendor/laravel/framework/src/Illuminate/View/View.php(192): Illuminate/View/View->getContents()
#4 C:/Users/PC Lenovo/Downloads/SSA_sistemamejorado/sistemamejorado/vendor/laravel/framework/src/Illuminate/View/View.php(161): Illuminate/View/View->renderContents()
#5 C:/Users/PC Lenovo/Downloads/SSA_sistemamejorado/sistemamejorado/vendor/laravel/framework/src/Illuminate/Http/Response.php(79): Illuminate/View/View->render()
#6 C:/Users/PC Lenovo/Downloads/SSA_sistemamejorado/sistemamejorado/vendor/laravel/framework/src/Illuminate/Http/Response.php(35): Illuminate/Http/Response->setContent(Object(Illuminate/View/View))
#7 C:/Users/PC Lenovo/Downloads/SSA_sistemamejorado/sistemamejorado/vendor/laravel/framework/src/Illuminate/Routing/ResponseFactory.php(60): Illuminate/Http/Response->__construct(Object(Illuminate/View/View), 404, Array)
#8 C:/Users/PC Lenovo/Downloads/SSA_sistemamejorado/sistemamejorado/vendor/laravel/framework/src/Illuminate/Routing/ResponseFactory.php(90): Illuminate/Routing/ResponseFactory->make(Object(Illuminate/View/View), 404, Array)
#9 C:/Users/PC Lenovo/Downloads/SSA_sistemamejorado/sistemamejorado/vendor/laravel/framework/src/Illuminate/Foundation/Exceptions/Handler.php(894): Illuminate/Routing/ResponseFactory->view('errors::404', Array, 404, Array)
#10 C:/Users/PC Lenovo/Downloads/SSA_sistemamejorado/sistemamejorado/vendor/laravel/framework/src/Illuminate/Foundation/Exceptions/Handler.php(815): Illuminate/Foundation/Exceptions/Handler->renderHttpException(Object(Symfony/Component/HttpKernel/Exception/NotFoundHttpException))
#11 C:/Users/PC Lenovo/Downloads/SSA_sistemamejorado/sistemamejorado/vendor/laravel/framework/src/Illuminate/Foundation/Exceptions/Handler.php(706): Illuminate/Foundation/Exceptions/Handler->prepareResponse(Object(Illuminate/Http/Request), Object(Symfony/Component/HttpKernel/Exception/NotFoundHttpException))
#12 C:/Users/PC Lenovo/Downloads/SSA_sistemamejorado/sistemamejorado/vendor/laravel/framework/src/Illuminate/Foundation/Exceptions/Handler.php(594): Illuminate/Foundation/Exceptions/Handler->renderExceptionResponse(Object(Illuminate/Http/Request), Object(Symfony/Component/HttpKernel/Exception/NotFoundHttpException))
#13 C:/Users/PC Lenovo/Downloads/SSA_sistemamejorado/sistemamejorado/vendor/laravel/framework/src/Illuminate/Routing/Pipeline.php(51): Illuminate/Foundation/Exceptions/Handler->render(Object(Illuminate/Http/Request), Object(Symfony/Component/HttpKernel/Exception/NotFoundHttpException))
#14 C:/Users/PC Lenovo/Downloads/SSA_sistemamejorado/sistemamejorado/vendor/laravel/framework/src/Illuminate/Pipeline/Pipeline.php(172): Illuminate/Routing/Pipeline->handleException(Object(Illuminate/Http/Request), Object(Symfony/Component/HttpKernel/Exception/NotFoundHttpException))
#15 C:/Users/PC Lenovo/Downloads/SSA_sistemamejorado/sistemamejorado/vendor/laravel/framework/src/Illuminate/Foundation/Http/Middleware/TransformsRequest.php(21): Illuminate/Pipeline/Pipeline->Illuminate/Pipeline/{closure}(Object(Illuminate/Http/Request))
#16 C:/Users/PC Lenovo/Downloads/SSA_sistemamejorado/sistemamejorado/vendor/laravel/framework/src/Illuminate/Foundation/Http/Middleware/ConvertEmptyStringsToNull.php(31): Illuminate/Foundation/Http/Middleware/TransformsRequest->handle(Object(Illuminate/Http/Request), Object(Closure))
#17 C:/Users/PC Lenovo/Downloads/SSA_sistemamejorado/sistemamejorado/vendor/laravel/framework/src/Illuminate/Pipeline/Pipeline.php(209): Illuminate/Foundation/Http/Middleware/ConvertEmptyStringsToNull->handle(Object(Illuminate/Http/Request), Object(Closure))
#18 C:/Users/PC Lenovo/Downloads/SSA_sistemamejorado/sistemamejorado/vendor/laravel/framework/src/Illuminate/Foundation/Http/Middleware/TransformsRequest.php(21): Illuminate/Pipeline/Pipeline->Illuminate/Pipeline/{closure}(Object(Illuminate/Http/Request))
#19 C:/Users/PC Lenovo/Downloads/SSA_sistemamejorado/sistemamejorado/vendor/laravel/framework/src/Illuminate/Foundation/Http/Middleware/TrimStrings.php(51): Illuminate/Foundation/Http/Middleware/TransformsRequest->handle(Object(Illuminate/Http/Request), Object(Closure))
#20 C:/Users/PC Lenovo/Downloads/SSA_sistemamejorado/sistemamejorado/vendor/laravel/framework/src/Illuminate/Pipeline/Pipeline.php(209): Illuminate/Foundation/Http/Middleware/TrimStrings->handle(Object(Illuminate/Http/Request), Object(Closure))
#21 C:/Users/PC Lenovo/Downloads/SSA_sistemamejorado/sistemamejorado/vendor/laravel/framework/src/Illuminate/Http/Middleware/ValidatePostSize.php(27): Illuminate/Pipeline/Pipeline->Illuminate/Pipeline/{closure}(Object(Illuminate/Http/Request))
#22 C:/Users/PC Lenovo/Downloads/SSA_sistemamejorado/sistemamejorado/vendor/laravel/framework/src/Illuminate/Pipeline/Pipeline.php(209): Illuminate/Http/Middleware/ValidatePostSize->handle(Object(Illuminate/Http/Request), Object(Closure))
#23 C:/Users/PC Lenovo/Downloads/SSA_sistemamejorado/sistemamejorado/vendor/laravel/framework/src/Illuminate/Foundation/Http/Middleware/PreventRequestsDuringMaintenance.php(110): Illuminate/Pipeline/Pipeline->Illuminate/Pipeline/{closure}(Object(Illuminate/Http/Request))
#24 C:/Users/PC Lenovo/Downloads/SSA_sistemamejorado/sistemamejorado/vendor/laravel/framework/src/Illuminate/Pipeline/Pipeline.php(209): Illuminate/Foundation/Http/Middleware/PreventRequestsDuringMaintenance->handle(Object(Illuminate/Http/Request), Object(Closure))
#25 C:/Users/PC Lenovo/Downloads/SSA_sistemamejorado/sistemamejorado/vendor/laravel/framework/src/Illuminate/Http/Middleware/HandleCors.php(49): Illuminate/Pipeline/Pipeline->Illuminate/Pipeline/{closure}(Object(Illuminate/Http/Request))
#26 C:/Users/PC Lenovo/Downloads/SSA_sistemamejorado/sistemamejorado/vendor/laravel/framework/src/Illuminate/Pipeline/Pipeline.php(209): Illuminate/Http/Middleware/HandleCors->handle(Object(Illuminate/Http/Request), Object(Closure))
#27 C:/Users/PC Lenovo/Downloads/SSA_sistemamejorado/sistemamejorado/vendor/laravel/framework/src/Illuminate/Http/Middleware/TrustProxies.php(58): Illuminate/Pipeline/Pipeline->Illuminate/Pipeline/{closure}(Object(Illuminate/Http/Request))
#28 C:/Users/PC Lenovo/Downloads/SSA_sistemamejorado/sistemamejorado/vendor/laravel/framework/src/Illuminate/Pipeline/Pipeline.php(209): Illuminate/Http/Middleware/TrustProxies->handle(Object(Illuminate/Http/Request), Object(Closure))
#29 C:/Users/PC Lenovo/Downloads/SSA_sistemamejorado/sistemamejorado/vendor/laravel/framework/src/Illuminate/Foundation/Http/Middleware/InvokeDeferredCallbacks.php(22): Illuminate/Pipeline/Pipeline->Illuminate/Pipeline/{closure}(Object(Illuminate/Http/Request))
#30 C:/Users/PC Lenovo/Downloads/SSA_sistemamejorado/sistemamejorado/vendor/laravel/framework/src/Illuminate/Pipeline/Pipeline.php(209): Illuminate/Foundation/Http/Middleware/InvokeDeferredCallbacks->handle(Object(Illuminate/Http/Request), Object(Closure))
#31 C:/Users/PC Lenovo/Downloads/SSA_sistemamejorado/sistemamejorado/vendor/laravel/framework/src/Illuminate/Pipeline/Pipeline.php(127): Illuminate/Pipeline/Pipeline->Illuminate/Pipeline/{closure}(Object(Illuminate/Http/Request))
#32 C:/Users/PC Lenovo/Downloads/SSA_sistemamejorado/sistemamejorado/vendor/laravel/framework/src/Illuminate/Foundation/Http/Kernel.php(176): Illuminate/Pipeline/Pipeline->then(Object(Closure))
#33 C:/Users/PC Lenovo/Downloads/SSA_sistemamejorado/sistemamejorado/vendor/laravel/framework/src/Illuminate/Foundation/Http/Kernel.php(145): Illuminate/Foundation/Http/Kernel->sendRequestThroughRouter(Object(Illuminate/Http/Request))
#34 C:/Users/PC Lenovo/Downloads/SSA_sistemamejorado/sistemamejorado/vendor/laravel/framework/src/Illuminate/Foundation/Application.php(1220): Illuminate/Foundation/Http/Kernel->handle(Object(Illuminate/Http/Request))
#35 C:/Users/PC Lenovo/Downloads/SSA_sistemamejorado/sistemamejorado/public/index.php(12): Illuminate/Foundation/Application->handleRequest(Object(Illuminate/Http/Request))
#36 C:/Users/PC Lenovo/Downloads/SSA_sistemamejorado/sistemamejorado/vendor/laravel/framework/src/Illuminate/Foundation/resources/server.php(23): require_once('C://Users//PC Len...')
#37 {main}

[previous exception] [object] (Illuminate\\View\\ViewException(code: 0): Call to a member function esAdministrador() on null (View: C:\\Users\\PC Lenovo\\Downloads\\SSA_sistemamejorado\\sistemamejorado\\resources\\views\\layouts\\app.blade.php) at C:/Users/PC Lenovo/Downloads/SSA_sistemamejorado/sistemamejorado/storage/framework/views/f662744a7e0b52f292f8c4df22a89f25.php:45)
[stacktrace]
#0 C:/Users/PC Lenovo/Downloads/SSA_sistemamejorado/sistemamejorado/vendor/laravel/framework/src/Illuminate/View/Engines/PhpEngine.php(60): Illuminate/View/Engines/CompilerEngine->handleViewException(Object(Error), 2)
#1 C:/Users/PC Lenovo/Downloads/SSA_sistemamejorado/sistemamejorado/vendor/laravel/framework/src/Illuminate/View/Engines/CompilerEngine.php(75): Illuminate/View/Engines/PhpEngine->evaluatePath('C://Users//PC Len...', Array)
#2 C:/Users/PC Lenovo/Downloads/SSA_sistemamejorado/sistemamejorado/vendor/laravel/framework/src/Illuminate/View/View.php(209): Illuminate/View/Engines/CompilerEngine->get('C://Users//PC Len...', Array)
#3 C:/Users/PC Lenovo/Downloads/SSA_sistemamejorado/sistemamejorado/vendor/laravel/framework/src/Illuminate/View/View.php(192): Illuminate/View/View->getContents()
#4 C:/Users/PC Lenovo/Downloads/SSA_sistemamejorado/sistemamejorado/vendor/laravel/framework/src/Illuminate/View/View.php(161): Illuminate/View/View->renderContents()
#5 C:/Users/PC Lenovo/Downloads/SSA_sistemamejorado/sistemamejorado/storage/framework/views/c2b457f0ed436e14181d198268d1630a.php(21): Illuminate/View/View->render()
#6 C:/Users/PC Lenovo/Downloads/SSA_sistemamejorado/sistemamejorado/vendor/laravel/framework/src/Illuminate/Filesystem/Filesystem.php(123): require('C://Users//PC Len...')
#7 C:/Users/PC Lenovo/Downloads/SSA_sistemamejorado/sistemamejorado/vendor/laravel/framework/src/Illuminate/Filesystem/Filesystem.php(124): Illuminate/Filesystem/Filesystem::Illuminate/Filesystem/{closure}()
#8 C:/Users/PC Lenovo/Downloads/SSA_sistemamejorado/sistemamejorado/vendor/laravel/framework/src/Illuminate/View/Engines/PhpEngine.php(58): Illuminate/Filesystem/Filesystem->getRequire('C://Users//PC Len...', Array)
#9 C:/Users/PC Lenovo/Downloads/SSA_sistemamejorado/sistemamejorado/vendor/laravel/framework/src/Illuminate/View/Engines/CompilerEngine.php(75): Illuminate/View/Engines/PhpEngine->evaluatePath('C://Users//PC Len...', Array)
#10 C:/Users/PC Lenovo/Downloads/SSA_sistemamejorado/sistemamejorado/vendor/laravel/framework/src/Illuminate/View/View.php(209): Illuminate/View/Engines/CompilerEngine->get('C://Users//PC Len...', Array)
#11 C:/Users/PC Lenovo/Downloads/SSA_sistemamejorado/sistemamejorado/vendor/laravel/framework/src/Illuminate/View/View.php(192): Illuminate/View/View->getContents()
#12 C:/Users/PC Lenovo/Downloads/SSA_sistemamejorado/sistemamejorado/vendor/laravel/framework/src/Illuminate/View/View.php(161): Illuminate/View/View->renderContents()
#13 C:/Users/PC Lenovo/Downloads/SSA_sistemamejorado/sistemamejorado/vendor/laravel/framework/src/Illuminate/Http/Response.php(79): Illuminate/View/View->render()
#14 C:/Users/PC Lenovo/Downloads/SSA_sistemamejorado/sistemamejorado/vendor/laravel/framework/src/Illuminate/Http/Response.php(35): Illuminate/Http/Response->setContent(Object(Illuminate/View/View))
#15 C:/Users/PC Lenovo/Downloads/SSA_sistemamejorado/sistemamejorado/vendor/laravel/framework/src/Illuminate/Routing/ResponseFactory.php(60): Illuminate/Http/Response->__construct(Object(Illuminate/View/View), 404, Array)
#16 C:/Users/PC Lenovo/Downloads/SSA_sistemamejorado/sistemamejorado/vendor/laravel/framework/src/Illuminate/Routing/ResponseFactory.php(90): Illuminate/Routing/ResponseFactory->make(Object(Illuminate/View/View), 404, Array)
#17 C:/Users/PC Lenovo/Downloads/SSA_sistemamejorado/sistemamejorado/vendor/laravel/framework/src/Illuminate/Foundation/Exceptions/Handler.php(894): Illuminate/Routing/ResponseFactory->view('errors::404', Array, 404, Array)
#18 C:/Users/PC Lenovo/Downloads/SSA_sistemamejorado/sistemamejorado/vendor/laravel/framework/src/Illuminate/Foundation/Exceptions/Handler.php(815): Illuminate/Foundation/Exceptions/Handler->renderHttpException(Object(Symfony/Component/HttpKernel/Exception/NotFoundHttpException))
#19 C:/Users/PC Lenovo/Downloads/SSA_sistemamejorado/sistemamejorado/vendor/laravel/framework/src/Illuminate/Foundation/Exceptions/Handler.php(706): Illuminate/Foundation/Exceptions/Handler->prepareResponse(Object(Illuminate/Http/Request), Object(Symfony/Component/HttpKernel/Exception/NotFoundHttpException))
#20 C:/Users/PC Lenovo/Downloads/SSA_sistemamejorado/sistemamejorado/vendor/laravel/framework/src/Illuminate/Foundation/Exceptions/Handler.php(594): Illuminate/Foundation/Exceptions/Handler->renderExceptionResponse(Object(Illuminate/Http/Request), Object(Symfony/Component/HttpKernel/Exception/NotFoundHttpException))
#21 C:/Users/PC Lenovo/Downloads/SSA_sistemamejorado/sistemamejorado/vendor/laravel/framework/src/Illuminate/Routing/Pipeline.php(51): Illuminate/Foundation/Exceptions/Handler->render(Object(Illuminate/Http/Request), Object(Symfony/Component/HttpKernel/Exception/NotFoundHttpException))
#22 C:/Users/PC Lenovo/Downloads/SSA_sistemamejorado/sistemamejorado/vendor/laravel/framework/src/Illuminate/Pipeline/Pipeline.php(172): Illuminate/Routing/Pipeline->handleException(Object(Illuminate/Http/Request), Object(Symfony/Component/HttpKernel/Exception/NotFoundHttpException))
#23 C:/Users/PC Lenovo/Downloads/SSA_sistemamejorado/sistemamejorado/vendor/laravel/framework/src/Illuminate/Foundation/Http/Middleware/TransformsRequest.php(21): Illuminate/Pipeline/Pipeline->Illuminate/Pipeline/{closure}(Object(Illuminate/Http/Request))
#24 C:/Users/PC Lenovo/Downloads/SSA_sistemamejorado/sistemamejorado/vendor/laravel/framework/src/Illuminate/Foundation/Http/Middleware/ConvertEmptyStringsToNull.php(31): Illuminate/Foundation/Http/Middleware/TransformsRequest->handle(Object(Illuminate/Http/Request), Object(Closure))
#25 C:/Users/PC Lenovo/Downloads/SSA_sistemamejorado/sistemamejorado/vendor/laravel/framework/src/Illuminate/Pipeline/Pipeline.php(209): Illuminate/Foundation/Http/Middleware/ConvertEmptyStringsToNull->handle(Object(Illuminate/Http/Request), Object(Closure))
#26 C:/Users/PC Lenovo/Downloads/SSA_sistemamejorado/sistemamejorado/vendor/laravel/framework/src/Illuminate/Foundation/Http/Middleware/TransformsRequest.php(21): Illuminate/Pipeline/Pipeline->Illuminate/Pipeline/{closure}(Object(Illuminate/Http/Request))
#27 C:/Users/PC Lenovo/Downloads/SSA_sistemamejorado/sistemamejorado/vendor/laravel/framework/src/Illuminate/Foundation/Http/Middleware/TrimStrings.php(51): Illuminate/Foundation/Http/Middleware/TransformsRequest->handle(Object(Illuminate/Http/Request), Object(Closure))
#28 C:/Users/PC Lenovo/Downloads/SSA_sistemamejorado/sistemamejorado/vendor/laravel/framework/src/Illuminate/Pipeline/Pipeline.php(209): Illuminate/Foundation/Http/Middleware/TrimStrings->handle(Object(Illuminate/Http/Request), Object(Closure))
#29 C:/Users/PC Lenovo/Downloads/SSA_sistemamejorado/sistemamejorado/vendor/laravel/framework/src/Illuminate/Http/Middleware/ValidatePostSize.php(27): Illuminate/Pipeline/Pipeline->Illuminate/Pipeline/{closure}(Object(Illuminate/Http/Request))
#30 C:/Users/PC Lenovo/Downloads/SSA_sistemamejorado/sistemamejorado/vendor/laravel/framework/src/Illuminate/Pipeline/Pipeline.php(209): Illuminate/Http/Middleware/ValidatePostSize->handle(Object(Illuminate/Http/Request), Object(Closure))
#31 C:/Users/PC Lenovo/Downloads/SSA_sistemamejorado/sistemamejorado/vendor/laravel/framework/src/Illuminate/Foundation/Http/Middleware/PreventRequestsDuringMaintenance.php(110): Illuminate/Pipeline/Pipeline->Illuminate/Pipeline/{closure}(Object(Illuminate/Http/Request))
#32 C:/Users/PC Lenovo/Downloads/SSA_sistemamejorado/sistemamejorado/vendor/laravel/framework/src/Illuminate/Pipeline/Pipeline.php(209): Illuminate/Foundation/Http/Middleware/PreventRequestsDuringMaintenance->handle(Object(Illuminate/Http/Request), Object(Closure))
#33 C:/Users/PC Lenovo/Downloads/SSA_sistemamejorado/sistemamejorado/vendor/laravel/framework/src/Illuminate/Http/Middleware/HandleCors.php(49): Illuminate/Pipeline/Pipeline->Illuminate/Pipeline/{closure}(Object(Illuminate/Http/Request))
#34 C:/Users/PC Lenovo/Downloads/SSA_sistemamejorado/sistemamejorado/vendor/laravel/framework/src/Illuminate/Pipeline/Pipeline.php(209): Illuminate/Http/Middleware/HandleCors->handle(Object(Illuminate/Http/Request), Object(Closure))
#35 C:/Users/PC Lenovo/Downloads/SSA_sistemamejorado/sistemamejorado/vendor/laravel/framework/src/Illuminate/Http/Middleware/TrustProxies.php(58): Illuminate/Pipeline/Pipeline->Illuminate/Pipeline/{closure}(Object(Illuminate/Http/Request))
#36 C:/Users/PC Lenovo/Downloads/SSA_sistemamejorado/sistemamejorado/vendor/laravel/framework/src/Illuminate/Pipeline/Pipeline.php(209): Illuminate/Http/Middleware/TrustProxies->handle(Object(Illuminate/Http/Request), Object(Closure))
#37 C:/Users/PC Lenovo/Downloads/SSA_sistemamejorado/sistemamejorado/vendor/laravel/framework/src/Illuminate/Foundation/Http/Middleware/InvokeDeferredCallbacks.php(22): Illuminate/Pipeline/Pipeline->Illuminate/Pipeline/{closure}(Object(Illuminate/Http/Request))
#38 C:/Users/PC Lenovo/Downloads/SSA_sistemamejorado/sistemamejorado/vendor/laravel/framework/src/Illuminate/Pipeline/Pipeline.php(209): Illuminate/Foundation/Http/Middleware/InvokeDeferredCallbacks->handle(Object(Illuminate/Http/Request), Object(Closure))
#39 C:/Users/PC Lenovo/Downloads/SSA_sistemamejorado/sistemamejorado/vendor/laravel/framework/src/Illuminate/Pipeline/Pipeline.php(127): Illuminate/Pipeline/Pipeline->Illuminate/Pipeline/{closure}(Object(Illuminate/Http/Request))
#40 C:/Users/PC Lenovo/Downloads/SSA_sistemamejorado/sistemamejorado/vendor/laravel/framework/src/Illuminate/Foundation/Http/Kernel.php(176): Illuminate/Pipeline/Pipeline->then(Object(Closure))
#41 C:/Users/PC Lenovo/Downloads/SSA_sistemamejorado/sistemamejorado/vendor/laravel/framework/src/Illuminate/Foundation/Http/Kernel.php(145): Illuminate/Foundation/Http/Kernel->sendRequestThroughRouter(Object(Illuminate/Http/Request))
#42 C:/Users/PC Lenovo/Downloads/SSA_sistemamejorado/sistemamejorado/vendor/laravel/framework/src/Illuminate/Foundation/Application.php(1220): Illuminate/Foundation/Http/Kernel->handle(Object(Illuminate/Http/Request))
#43 C:/Users/PC Lenovo/Downloads/SSA_sistemamejorado/sistemamejorado/public/index.php(12): Illuminate/Foundation/Application->handleRequest(Object(Illuminate/Http/Request))
#44 C:/Users/PC Lenovo/Downloads/SSA_sistemamejorado/sistemamejorado/vendor/laravel/framework/src/Illuminate/Foundation/resources/server.php(23): require_once('C://Users//PC Len...')
#45 {main}

[previous exception] [object] (Error(code: 0): Call to a member function esAdministrador() on null at C:/Users/PC Lenovo/Downloads/SSA_sistemamejorado/sistemamejorado/storage/framework/views/f662744a7e0b52f292f8c4df22a89f25.php:45)
[stacktrace]
#0 C:/Users/PC Lenovo/Downloads/SSA_sistemamejorado/sistemamejorado/vendor/laravel/framework/src/Illuminate/Filesystem/Filesystem.php(123): require()
#1 C:/Users/PC Lenovo/Downloads/SSA_sistemamejorado/sistemamejorado/vendor/laravel/framework/src/Illuminate/Filesystem/Filesystem.php(124): Illuminate/Filesystem/Filesystem::Illuminate/Filesystem/{closure}()
#2 C:/Users/PC Lenovo/Downloads/SSA_sistemamejorado/sistemamejorado/vendor/laravel/framework/src/Illuminate/View/Engines/PhpEngine.php(58): Illuminate/Filesystem/Filesystem->getRequire('C://Users//PC Len...', Array)
#3 C:/Users/PC Lenovo/Downloads/SSA_sistemamejorado/sistemamejorado/vendor/laravel/framework/src/Illuminate/View/Engines/CompilerEngine.php(75): Illuminate/View/Engines/PhpEngine->evaluatePath('C://Users//PC Len...', Array)
#4 C:/Users/PC Lenovo/Downloads/SSA_sistemamejorado/sistemamejorado/vendor/laravel/framework/src/Illuminate/View/View.php(209): Illuminate/View/Engines/CompilerEngine->get('C://Users//PC Len...', Array)
#5 C:/Users/PC Lenovo/Downloads/SSA_sistemamejorado/sistemamejorado/vendor/laravel/framework/src/Illuminate/View/View.php(192): Illuminate/View/View->getContents()
#6 C:/Users/PC Lenovo/Downloads/SSA_sistemamejorado/sistemamejorado/vendor/laravel/framework/src/Illuminate/View/View.php(161): Illuminate/View/View->renderContents()
#7 C:/Users/PC Lenovo/Downloads/SSA_sistemamejorado/sistemamejorado/storage/framework/views/c2b457f0ed436e14181d198268d1630a.php(21): Illuminate/View/View->render()
#8 C:/Users/PC Lenovo/Downloads/SSA_sistemamejorado/sistemamejorado/vendor/laravel/framework/src/Illuminate/Filesystem/Filesystem.php(123): require('C://Users//PC Len...')
#9 C:/Users/PC Lenovo/Downloads/SSA_sistemamejorado/sistemamejorado/vendor/laravel/framework/src/Illuminate/Filesystem/Filesystem.php(124): Illuminate/Filesystem/Filesystem::Illuminate/Filesystem/{closure}()
#10 C:/Users/PC Lenovo/Downloads/SSA_sistemamejorado/sistemamejorado/vendor/laravel/framework/src/Illuminate/View/Engines/PhpEngine.php(58): Illuminate/Filesystem/Filesystem->getRequire('C://Users//PC Len...', Array)
#11 C:/Users/PC Lenovo/Downloads/SSA_sistemamejorado/sistemamejorado/vendor/laravel/framework/src/Illuminate/View/Engines/CompilerEngine.php(75): Illuminate/View/Engines/PhpEngine->evaluatePath('C://Users//PC Len...', Array)
#12 C:/Users/PC Lenovo/Downloads/SSA_sistemamejorado/sistemamejorado/vendor/laravel/framework/src/Illuminate/View/View.php(209): Illuminate/View/Engines/CompilerEngine->get('C://Users//PC Len...', Array)
#13 C:/Users/PC Lenovo/Downloads/SSA_sistemamejorado/sistemamejorado/vendor/laravel/framework/src/Illuminate/View/View.php(192): Illuminate/View/View->getContents()
#14 C:/Users/PC Lenovo/Downloads/SSA_sistemamejorado/sistemamejorado/vendor/laravel/framework/src/Illuminate/View/View.php(161): Illuminate/View/View->renderContents()
#15 C:/Users/PC Lenovo/Downloads/SSA_sistemamejorado/sistemamejorado/vendor/laravel/framework/src/Illuminate/Http/Response.php(79): Illuminate/View/View->render()
#16 C:/Users/PC Lenovo/Downloads/SSA_sistemamejorado/sistemamejorado/vendor/laravel/framework/src/Illuminate/Http/Response.php(35): Illuminate/Http/Response->setContent(Object(Illuminate/View/View))
#17 C:/Users/PC Lenovo/Downloads/SSA_sistemamejorado/sistemamejorado/vendor/laravel/framework/src/Illuminate/Routing/ResponseFactory.php(60): Illuminate/Http/Response->__construct(Object(Illuminate/View/View), 404, Array)
#18 C:/Users/PC Lenovo/Downloads/SSA_sistemamejorado/sistemamejorado/vendor/laravel/framework/src/Illuminate/Routing/ResponseFactory.php(90): Illuminate/Routing/ResponseFactory->make(Object(Illuminate/View/View), 404, Array)
#19 C:/Users/PC Lenovo/Downloads/SSA_sistemamejorado/sistemamejorado/vendor/laravel/framework/src/Illuminate/Foundation/Exceptions/Handler.php(894): Illuminate/Routing/ResponseFactory->view('errors::404', Array, 404, Array)
#20 C:/Users/PC Lenovo/Downloads/SSA_sistemamejorado/sistemamejorado/vendor/laravel/framework/src/Illuminate/Foundation/Exceptions/Handler.php(815): Illuminate/Foundation/Exceptions/Handler->renderHttpException(Object(Symfony/Component/HttpKernel/Exception/NotFoundHttpException))
#21 C:/Users/PC Lenovo/Downloads/SSA_sistemamejorado/sistemamejorado/vendor/laravel/framework/src/Illuminate/Foundation/Exceptions/Handler.php(706): Illuminate/Foundation/Exceptions/Handler->prepareResponse(Object(Illuminate/Http/Request), Object(Symfony/Component/HttpKernel/Exception/NotFoundHttpException))
#22 C:/Users/PC Lenovo/Downloads/SSA_sistemamejorado/sistemamejorado/vendor/laravel/framework/src/Illuminate/Foundation/Exceptions/Handler.php(594): Illuminate/Foundation/Exceptions/Handler->renderExceptionResponse(Object(Illuminate/Http/Request), Object(Symfony/Component/HttpKernel/Exception/NotFoundHttpException))
#23 C:/Users/PC Lenovo/Downloads/SSA_sistemamejorado/sistemamejorado/vendor/laravel/framework/src/Illuminate/Routing/Pipeline.php(51): Illuminate/Foundation/Exceptions/Handler->render(Object(Illuminate/Http/Request), Object(Symfony/Component/HttpKernel/Exception/NotFoundHttpException))
#24 C:/Users/PC Lenovo/Downloads/SSA_sistemamejorado/sistemamejorado/vendor/laravel/framework/src/Illuminate/Pipeline/Pipeline.php(172): Illuminate/Routing/Pipeline->handleException(Object(Illuminate/Http/Request), Object(Symfony/Component/HttpKernel/Exception/NotFoundHttpException))
#25 C:/Users/PC Lenovo/Downloads/SSA_sistemamejorado/sistemamejorado/vendor/laravel/framework/src/Illuminate/Foundation/Http/Middleware/TransformsRequest.php(21): Illuminate/Pipeline/Pipeline->Illuminate/Pipeline/{closure}(Object(Illuminate/Http/Request))
#26 C:/Users/PC Lenovo/Downloads/SSA_sistemamejorado/sistemamejorado/vendor/laravel/framework/src/Illuminate/Foundation/Http/Middleware/ConvertEmptyStringsToNull.php(31): Illuminate/Foundation/Http/Middleware/TransformsRequest->handle(Object(Illuminate/Http/Request), Object(Closure))
#27 C:/Users/PC Lenovo/Downloads/SSA_sistemamejorado/sistemamejorado/vendor/laravel/framework/src/Illuminate/Pipeline/Pipeline.php(209): Illuminate/Foundation/Http/Middleware/ConvertEmptyStringsToNull->handle(Object(Illuminate/Http/Request), Object(Closure))
#28 C:/Users/PC Lenovo/Downloads/SSA_sistemamejorado/sistemamejorado/vendor/laravel/framework/src/Illuminate/Foundation/Http/Middleware/TransformsRequest.php(21): Illuminate/Pipeline/Pipeline->Illuminate/Pipeline/{closure}(Object(Illuminate/Http/Request))
#29 C:/Users/PC Lenovo/Downloads/SSA_sistemamejorado/sistemamejorado/vendor/laravel/framework/src/Illuminate/Foundation/Http/Middleware/TrimStrings.php(51): Illuminate/Foundation/Http/Middleware/TransformsRequest->handle(Object(Illuminate/Http/Request), Object(Closure))
#30 C:/Users/PC Lenovo/Downloads/SSA_sistemamejorado/sistemamejorado/vendor/laravel/framework/src/Illuminate/Pipeline/Pipeline.php(209): Illuminate/Foundation/Http/Middleware/TrimStrings->handle(Object(Illuminate/Http/Request), Object(Closure))
#31 C:/Users/PC Lenovo/Downloads/SSA_sistemamejorado/sistemamejorado/vendor/laravel/framework/src/Illuminate/Http/Middleware/ValidatePostSize.php(27): Illuminate/Pipeline/Pipeline->Illuminate/Pipeline/{closure}(Object(Illuminate/Http/Request))
#32 C:/Users/PC Lenovo/Downloads/SSA_sistemamejorado/sistemamejorado/vendor/laravel/framework/src/Illuminate/Pipeline/Pipeline.php(209): Illuminate/Http/Middleware/ValidatePostSize->handle(Object(Illuminate/Http/Request), Object(Closure))
#33 C:/Users/PC Lenovo/Downloads/SSA_sistemamejorado/sistemamejorado/vendor/laravel/framework/src/Illuminate/Foundation/Http/Middleware/PreventRequestsDuringMaintenance.php(110): Illuminate/Pipeline/Pipeline->Illuminate/Pipeline/{closure}(Object(Illuminate/Http/Request))
#34 C:/Users/PC Lenovo/Downloads/SSA_sistemamejorado/sistemamejorado/vendor/laravel/framework/src/Illuminate/Pipeline/Pipeline.php(209): Illuminate/Foundation/Http/Middleware/PreventRequestsDuringMaintenance->handle(Object(Illuminate/Http/Request), Object(Closure))
#35 C:/Users/PC Lenovo/Downloads/SSA_sistemamejorado/sistemamejorado/vendor/laravel/framework/src/Illuminate/Http/Middleware/HandleCors.php(49): Illuminate/Pipeline/Pipeline->Illuminate/Pipeline/{closure}(Object(Illuminate/Http/Request))
#36 C:/Users/PC Lenovo/Downloads/SSA_sistemamejorado/sistemamejorado/vendor/laravel/framework/src/Illuminate/Pipeline/Pipeline.php(209): Illuminate/Http/Middleware/HandleCors->handle(Object(Illuminate/Http/Request), Object(Closure))
#37 C:/Users/PC Lenovo/Downloads/SSA_sistemamejorado/sistemamejorado/vendor/laravel/framework/src/Illuminate/Http/Middleware/TrustProxies.php(58): Illuminate/Pipeline/Pipeline->Illuminate/Pipeline/{closure}(Object(Illuminate/Http/Request))
#38 C:/Users/PC Lenovo/Downloads/SSA_sistemamejorado/sistemamejorado/vendor/laravel/framework/src/Illuminate/Pipeline/Pipeline.php(209): Illuminate/Http/Middleware/TrustProxies->handle(Object(Illuminate/Http/Request), Object(Closure))
#39 C:/Users/PC Lenovo/Downloads/SSA_sistemamejorado/sistemamejorado/vendor/laravel/framework/src/Illuminate/Foundation/Http/Middleware/InvokeDeferredCallbacks.php(22): Illuminate/Pipeline/Pipeline->Illuminate/Pipeline/{closure}(Object(Illuminate/Http/Request))
#40 C:/Users/PC Lenovo/Downloads/SSA_sistemamejorado/sistemamejorado/vendor/laravel/framework/src/Illuminate/Pipeline/Pipeline.php(209): Illuminate/Foundation/Http/Middleware/InvokeDeferredCallbacks->handle(Object(Illuminate/Http/Request), Object(Closure))
#41 C:/Users/PC Lenovo/Downloads/SSA_sistemamejorado/sistemamejorado/vendor/laravel/framework/src/Illuminate/Pipeline/Pipeline.php(127): Illuminate/Pipeline/Pipeline->Illuminate/Pipeline/{closure}(Object(Illuminate/Http/Request))
#42 C:/Users/PC Lenovo/Downloads/SSA_sistemamejorado/sistemamejorado/vendor/laravel/framework/src/Illuminate/Foundation/Http/Kernel.php(176): Illuminate/Pipeline/Pipeline->then(Object(Closure))
#43 C:/Users/PC Lenovo/Downloads/SSA_sistemamejorado/sistemamejorado/vendor/laravel/framework/src/Illuminate/Foundation/Http/Kernel.php(145): Illuminate/Foundation/Http/Kernel->sendRequestThroughRouter(Object(Illuminate/Http/Request))
#44 C:/Users/PC Lenovo/Downloads/SSA_sistemamejorado/sistemamejorado/vendor/laravel/framework/src/Illuminate/Foundation/Application.php(1220): Illuminate/Foundation/Http/Kernel->handle(Object(Illuminate/Http/Request))
#45 C:/Users/PC Lenovo/Downloads/SSA_sistemamejorado/sistemamejorado/public/index.php(12): Illuminate/Foundation/Application->handleRequest(Object(Illuminate/Http/Request))
#46 C:/Users/PC Lenovo/Downloads/SSA_sistemamejorado/sistemamejorado/vendor/laravel/framework/src/Illuminate/Foundation/resources/server.php(23): require_once('C://Users//PC Len...')
#47 {main}
"} 
[2026-07-03 18:22:29] local.ERROR: Call to a member function esAdministrador() on null (View: C:\Users\PC Lenovo\Downloads\SSA_sistemamejorado\sistemamejorado\resources\views\layouts\app.blade.php) (View: C:\Users\PC Lenovo\Downloads\SSA_sistemamejorado\sistemamejorado\resources\views\layouts\app.blade.php) {"exception":"[object] (Illuminate\\View\\ViewException(code: 0): Call to a member function esAdministrador() on null (View: C:\\Users\\PC Lenovo\\Downloads\\SSA_sistemamejorado\\sistemamejorado\\resources\\views\\layouts\\app.blade.php) (View: C:\\Users\\PC Lenovo\\Downloads\\SSA_sistemamejorado\\sistemamejorado\\resources\\views\\layouts\\app.blade.php) at C:/Users/PC Lenovo/Downloads/SSA_sistemamejorado/sistemamejorado/storage/framework/views/f662744a7e0b52f292f8c4df22a89f25.php:45)
[stacktrace]
#0 C:/Users/PC Lenovo/Downloads/SSA_sistemamejorado/sistemamejorado/vendor/laravel/framework/src/Illuminate/View/Engines/PhpEngine.php(60): Illuminate/View/Engines/CompilerEngine->handleViewException(Object(Illuminate/View/ViewException), 1)
#1 C:/Users/PC Lenovo/Downloads/SSA_sistemamejorado/sistemamejorado/vendor/laravel/framework/src/Illuminate/View/Engines/CompilerEngine.php(75): Illuminate/View/Engines/PhpEngine->evaluatePath('C://Users//PC Len...', Array)
#2 C:/Users/PC Lenovo/Downloads/SSA_sistemamejorado/sistemamejorado/vendor/laravel/framework/src/Illuminate/View/View.php(209): Illuminate/View/Engines/CompilerEngine->get('C://Users//PC Len...', Array)
#3 C:/Users/PC Lenovo/Downloads/SSA_sistemamejorado/sistemamejorado/vendor/laravel/framework/src/Illuminate/View/View.php(192): Illuminate/View/View->getContents()
#4 C:/Users/PC Lenovo/Downloads/SSA_sistemamejorado/sistemamejorado/vendor/laravel/framework/src/Illuminate/View/View.php(161): Illuminate/View/View->renderContents()
#5 C:/Users/PC Lenovo/Downloads/SSA_sistemamejorado/sistemamejorado/vendor/laravel/framework/src/Illuminate/Http/Response.php(79): Illuminate/View/View->render()
#6 C:/Users/PC Lenovo/Downloads/SSA_sistemamejorado/sistemamejorado/vendor/laravel/framework/src/Illuminate/Http/Response.php(35): Illuminate/Http/Response->setContent(Object(Illuminate/View/View))
#7 C:/Users/PC Lenovo/Downloads/SSA_sistemamejorado/sistemamejorado/vendor/laravel/framework/src/Illuminate/Routing/ResponseFactory.php(60): Illuminate/Http/Response->__construct(Object(Illuminate/View/View), 404, Array)
#8 C:/Users/PC Lenovo/Downloads/SSA_sistemamejorado/sistemamejorado/vendor/laravel/framework/src/Illuminate/Routing/ResponseFactory.php(90): Illuminate/Routing/ResponseFactory->make(Object(Illuminate/View/View), 404, Array)
#9 C:/Users/PC Lenovo/Downloads/SSA_sistemamejorado/sistemamejorado/vendor/laravel/framework/src/Illuminate/Foundation/Exceptions/Handler.php(894): Illuminate/Routing/ResponseFactory->view('errors::404', Array, 404, Array)
#10 C:/Users/PC Lenovo/Downloads/SSA_sistemamejorado/sistemamejorado/vendor/laravel/framework/src/Illuminate/Foundation/Exceptions/Handler.php(815): Illuminate/Foundation/Exceptions/Handler->renderHttpException(Object(Symfony/Component/HttpKernel/Exception/NotFoundHttpException))
#11 C:/Users/PC Lenovo/Downloads/SSA_sistemamejorado/sistemamejorado/vendor/laravel/framework/src/Illuminate/Foundation/Exceptions/Handler.php(706): Illuminate/Foundation/Exceptions/Handler->prepareResponse(Object(Illuminate/Http/Request), Object(Symfony/Component/HttpKernel/Exception/NotFoundHttpException))
#12 C:/Users/PC Lenovo/Downloads/SSA_sistemamejorado/sistemamejorado/vendor/laravel/framework/src/Illuminate/Foundation/Exceptions/Handler.php(594): Illuminate/Foundation/Exceptions/Handler->renderExceptionResponse(Object(Illuminate/Http/Request), Object(Symfony/Component/HttpKernel/Exception/NotFoundHttpException))
#13 C:/Users/PC Lenovo/Downloads/SSA_sistemamejorado/sistemamejorado/vendor/laravel/framework/src/Illuminate/Routing/Pipeline.php(51): Illuminate/Foundation/Exceptions/Handler->render(Object(Illuminate/Http/Request), Object(Symfony/Component/HttpKernel/Exception/NotFoundHttpException))
#14 C:/Users/PC Lenovo/Downloads/SSA_sistemamejorado/sistemamejorado/vendor/laravel/framework/src/Illuminate/Pipeline/Pipeline.php(172): Illuminate/Routing/Pipeline->handleException(Object(Illuminate/Http/Request), Object(Symfony/Component/HttpKernel/Exception/NotFoundHttpException))
#15 C:/Users/PC Lenovo/Downloads/SSA_sistemamejorado/sistemamejorado/vendor/laravel/framework/src/Illuminate/Foundation/Http/Middleware/TransformsRequest.php(21): Illuminate/Pipeline/Pipeline->Illuminate/Pipeline/{closure}(Object(Illuminate/Http/Request))
#16 C:/Users/PC Lenovo/Downloads/SSA_sistemamejorado/sistemamejorado/vendor/laravel/framework/src/Illuminate/Foundation/Http/Middleware/ConvertEmptyStringsToNull.php(31): Illuminate/Foundation/Http/Middleware/TransformsRequest->handle(Object(Illuminate/Http/Request), Object(Closure))
#17 C:/Users/PC Lenovo/Downloads/SSA_sistemamejorado/sistemamejorado/vendor/laravel/framework/src/Illuminate/Pipeline/Pipeline.php(209): Illuminate/Foundation/Http/Middleware/ConvertEmptyStringsToNull->handle(Object(Illuminate/Http/Request), Object(Closure))
#18 C:/Users/PC Lenovo/Downloads/SSA_sistemamejorado/sistemamejorado/vendor/laravel/framework/src/Illuminate/Foundation/Http/Middleware/TransformsRequest.php(21): Illuminate/Pipeline/Pipeline->Illuminate/Pipeline/{closure}(Object(Illuminate/Http/Request))
#19 C:/Users/PC Lenovo/Downloads/SSA_sistemamejorado/sistemamejorado/vendor/laravel/framework/src/Illuminate/Foundation/Http/Middleware/TrimStrings.php(51): Illuminate/Foundation/Http/Middleware/TransformsRequest->handle(Object(Illuminate/Http/Request), Object(Closure))
#20 C:/Users/PC Lenovo/Downloads/SSA_sistemamejorado/sistemamejorado/vendor/laravel/framework/src/Illuminate/Pipeline/Pipeline.php(209): Illuminate/Foundation/Http/Middleware/TrimStrings->handle(Object(Illuminate/Http/Request), Object(Closure))
#21 C:/Users/PC Lenovo/Downloads/SSA_sistemamejorado/sistemamejorado/vendor/laravel/framework/src/Illuminate/Http/Middleware/ValidatePostSize.php(27): Illuminate/Pipeline/Pipeline->Illuminate/Pipeline/{closure}(Object(Illuminate/Http/Request))
#22 C:/Users/PC Lenovo/Downloads/SSA_sistemamejorado/sistemamejorado/vendor/laravel/framework/src/Illuminate/Pipeline/Pipeline.php(209): Illuminate/Http/Middleware/ValidatePostSize->handle(Object(Illuminate/Http/Request), Object(Closure))
#23 C:/Users/PC Lenovo/Downloads/SSA_sistemamejorado/sistemamejorado/vendor/laravel/framework/src/Illuminate/Foundation/Http/Middleware/PreventRequestsDuringMaintenance.php(110): Illuminate/Pipeline/Pipeline->Illuminate/Pipeline/{closure}(Object(Illuminate/Http/Request))
#24 C:/Users/PC Lenovo/Downloads/SSA_sistemamejorado/sistemamejorado/vendor/laravel/framework/src/Illuminate/Pipeline/Pipeline.php(209): Illuminate/Foundation/Http/Middleware/PreventRequestsDuringMaintenance->handle(Object(Illuminate/Http/Request), Object(Closure))
#25 C:/Users/PC Lenovo/Downloads/SSA_sistemamejorado/sistemamejorado/vendor/laravel/framework/src/Illuminate/Http/Middleware/HandleCors.php(49): Illuminate/Pipeline/Pipeline->Illuminate/Pipeline/{closure}(Object(Illuminate/Http/Request))
#26 C:/Users/PC Lenovo/Downloads/SSA_sistemamejorado/sistemamejorado/vendor/laravel/framework/src/Illuminate/Pipeline/Pipeline.php(209): Illuminate/Http/Middleware/HandleCors->handle(Object(Illuminate/Http/Request), Object(Closure))
#27 C:/Users/PC Lenovo/Downloads/SSA_sistemamejorado/sistemamejorado/vendor/laravel/framework/src/Illuminate/Http/Middleware/TrustProxies.php(58): Illuminate/Pipeline/Pipeline->Illuminate/Pipeline/{closure}(Object(Illuminate/Http/Request))
#28 C:/Users/PC Lenovo/Downloads/SSA_sistemamejorado/sistemamejorado/vendor/laravel/framework/src/Illuminate/Pipeline/Pipeline.php(209): Illuminate/Http/Middleware/TrustProxies->handle(Object(Illuminate/Http/Request), Object(Closure))
#29 C:/Users/PC Lenovo/Downloads/SSA_sistemamejorado/sistemamejorado/vendor/laravel/framework/src/Illuminate/Foundation/Http/Middleware/InvokeDeferredCallbacks.php(22): Illuminate/Pipeline/Pipeline->Illuminate/Pipeline/{closure}(Object(Illuminate/Http/Request))
#30 C:/Users/PC Lenovo/Downloads/SSA_sistemamejorado/sistemamejorado/vendor/laravel/framework/src/Illuminate/Pipeline/Pipeline.php(209): Illuminate/Foundation/Http/Middleware/InvokeDeferredCallbacks->handle(Object(Illuminate/Http/Request), Object(Closure))
#31 C:/Users/PC Lenovo/Downloads/SSA_sistemamejorado/sistemamejorado/vendor/laravel/framework/src/Illuminate/Pipeline/Pipeline.php(127): Illuminate/Pipeline/Pipeline->Illuminate/Pipeline/{closure}(Object(Illuminate/Http/Request))
#32 C:/Users/PC Lenovo/Downloads/SSA_sistemamejorado/sistemamejorado/vendor/laravel/framework/src/Illuminate/Foundation/Http/Kernel.php(176): Illuminate/Pipeline/Pipeline->then(Object(Closure))
#33 C:/Users/PC Lenovo/Downloads/SSA_sistemamejorado/sistemamejorado/vendor/laravel/framework/src/Illuminate/Foundation/Http/Kernel.php(145): Illuminate/Foundation/Http/Kernel->sendRequestThroughRouter(Object(Illuminate/Http/Request))
#34 C:/Users/PC Lenovo/Downloads/SSA_sistemamejorado/sistemamejorado/vendor/laravel/framework/src/Illuminate/Foundation/Application.php(1220): Illuminate/Foundation/Http/Kernel->handle(Object(Illuminate/Http/Request))
#35 C:/Users/PC Lenovo/Downloads/SSA_sistemamejorado/sistemamejorado/public/index.php(12): Illuminate/Foundation/Application->handleRequest(Object(Illuminate/Http/Request))
#36 C:/Users/PC Lenovo/Downloads/SSA_sistemamejorado/sistemamejorado/vendor/laravel/framework/src/Illuminate/Foundation/resources/server.php(23): require_once('C://Users//PC Len...')
#37 {main}

[previous exception] [object] (Illuminate\\View\\ViewException(code: 0): Call to a member function esAdministrador() on null (View: C:\\Users\\PC Lenovo\\Downloads\\SSA_sistemamejorado\\sistemamejorado\\resources\\views\\layouts\\app.blade.php) at C:/Users/PC Lenovo/Downloads/SSA_sistemamejorado/sistemamejorado/storage/framework/views/f662744a7e0b52f292f8c4df22a89f25.php:45)
[stacktrace]
#0 C:/Users/PC Lenovo/Downloads/SSA_sistemamejorado/sistemamejorado/vendor/laravel/framework/src/Illuminate/View/Engines/PhpEngine.php(60): Illuminate/View/Engines/CompilerEngine->handleViewException(Object(Error), 2)
#1 C:/Users/PC Lenovo/Downloads/SSA_sistemamejorado/sistemamejorado/vendor/laravel/framework/src/Illuminate/View/Engines/CompilerEngine.php(75): Illuminate/View/Engines/PhpEngine->evaluatePath('C://Users//PC Len...', Array)
#2 C:/Users/PC Lenovo/Downloads/SSA_sistemamejorado/sistemamejorado/vendor/laravel/framework/src/Illuminate/View/View.php(209): Illuminate/View/Engines/CompilerEngine->get('C://Users//PC Len...', Array)
#3 C:/Users/PC Lenovo/Downloads/SSA_sistemamejorado/sistemamejorado/vendor/laravel/framework/src/Illuminate/View/View.php(192): Illuminate/View/View->getContents()
#4 C:/Users/PC Lenovo/Downloads/SSA_sistemamejorado/sistemamejorado/vendor/laravel/framework/src/Illuminate/View/View.php(161): Illuminate/View/View->renderContents()
#5 C:/Users/PC Lenovo/Downloads/SSA_sistemamejorado/sistemamejorado/storage/framework/views/c2b457f0ed436e14181d198268d1630a.php(21): Illuminate/View/View->render()
#6 C:/Users/PC Lenovo/Downloads/SSA_sistemamejorado/sistemamejorado/vendor/laravel/framework/src/Illuminate/Filesystem/Filesystem.php(123): require('C://Users//PC Len...')
#7 C:/Users/PC Lenovo/Downloads/SSA_sistemamejorado/sistemamejorado/vendor/laravel/framework/src/Illuminate/Filesystem/Filesystem.php(124): Illuminate/Filesystem/Filesystem::Illuminate/Filesystem/{closure}()
#8 C:/Users/PC Lenovo/Downloads/SSA_sistemamejorado/sistemamejorado/vendor/laravel/framework/src/Illuminate/View/Engines/PhpEngine.php(58): Illuminate/Filesystem/Filesystem->getRequire('C://Users//PC Len...', Array)
#9 C:/Users/PC Lenovo/Downloads/SSA_sistemamejorado/sistemamejorado/vendor/laravel/framework/src/Illuminate/View/Engines/CompilerEngine.php(75): Illuminate/View/Engines/PhpEngine->evaluatePath('C://Users//PC Len...', Array)
#10 C:/Users/PC Lenovo/Downloads/SSA_sistemamejorado/sistemamejorado/vendor/laravel/framework/src/Illuminate/View/View.php(209): Illuminate/View/Engines/CompilerEngine->get('C://Users//PC Len...', Array)
#11 C:/Users/PC Lenovo/Downloads/SSA_sistemamejorado/sistemamejorado/vendor/laravel/framework/src/Illuminate/View/View.php(192): Illuminate/View/View->getContents()
#12 C:/Users/PC Lenovo/Downloads/SSA_sistemamejorado/sistemamejorado/vendor/laravel/framework/src/Illuminate/View/View.php(161): Illuminate/View/View->renderContents()
#13 C:/Users/PC Lenovo/Downloads/SSA_sistemamejorado/sistemamejorado/vendor/laravel/framework/src/Illuminate/Http/Response.php(79): Illuminate/View/View->render()
#14 C:/Users/PC Lenovo/Downloads/SSA_sistemamejorado/sistemamejorado/vendor/laravel/framework/src/Illuminate/Http/Response.php(35): Illuminate/Http/Response->setContent(Object(Illuminate/View/View))
#15 C:/Users/PC Lenovo/Downloads/SSA_sistemamejorado/sistemamejorado/vendor/laravel/framework/src/Illuminate/Routing/ResponseFactory.php(60): Illuminate/Http/Response->__construct(Object(Illuminate/View/View), 404, Array)
#16 C:/Users/PC Lenovo/Downloads/SSA_sistemamejorado/sistemamejorado/vendor/laravel/framework/src/Illuminate/Routing/ResponseFactory.php(90): Illuminate/Routing/ResponseFactory->make(Object(Illuminate/View/View), 404, Array)
#17 C:/Users/PC Lenovo/Downloads/SSA_sistemamejorado/sistemamejorado/vendor/laravel/framework/src/Illuminate/Foundation/Exceptions/Handler.php(894): Illuminate/Routing/ResponseFactory->view('errors::404', Array, 404, Array)
#18 C:/Users/PC Lenovo/Downloads/SSA_sistemamejorado/sistemamejorado/vendor/laravel/framework/src/Illuminate/Foundation/Exceptions/Handler.php(815): Illuminate/Foundation/Exceptions/Handler->renderHttpException(Object(Symfony/Component/HttpKernel/Exception/NotFoundHttpException))
#19 C:/Users/PC Lenovo/Downloads/SSA_sistemamejorado/sistemamejorado/vendor/laravel/framework/src/Illuminate/Foundation/Exceptions/Handler.php(706): Illuminate/Foundation/Exceptions/Handler->prepareResponse(Object(Illuminate/Http/Request), Object(Symfony/Component/HttpKernel/Exception/NotFoundHttpException))
#20 C:/Users/PC Lenovo/Downloads/SSA_sistemamejorado/sistemamejorado/vendor/laravel/framework/src/Illuminate/Foundation/Exceptions/Handler.php(594): Illuminate/Foundation/Exceptions/Handler->renderExceptionResponse(Object(Illuminate/Http/Request), Object(Symfony/Component/HttpKernel/Exception/NotFoundHttpException))
#21 C:/Users/PC Lenovo/Downloads/SSA_sistemamejorado/sistemamejorado/vendor/laravel/framework/src/Illuminate/Routing/Pipeline.php(51): Illuminate/Foundation/Exceptions/Handler->render(Object(Illuminate/Http/Request), Object(Symfony/Component/HttpKernel/Exception/NotFoundHttpException))
#22 C:/Users/PC Lenovo/Downloads/SSA_sistemamejorado/sistemamejorado/vendor/laravel/framework/src/Illuminate/Pipeline/Pipeline.php(172): Illuminate/Routing/Pipeline->handleException(Object(Illuminate/Http/Request), Object(Symfony/Component/HttpKernel/Exception/NotFoundHttpException))
#23 C:/Users/PC Lenovo/Downloads/SSA_sistemamejorado/sistemamejorado/vendor/laravel/framework/src/Illuminate/Foundation/Http/Middleware/TransformsRequest.php(21): Illuminate/Pipeline/Pipeline->Illuminate/Pipeline/{closure}(Object(Illuminate/Http/Request))
#24 C:/Users/PC Lenovo/Downloads/SSA_sistemamejorado/sistemamejorado/vendor/laravel/framework/src/Illuminate/Foundation/Http/Middleware/ConvertEmptyStringsToNull.php(31): Illuminate/Foundation/Http/Middleware/TransformsRequest->handle(Object(Illuminate/Http/Request), Object(Closure))
#25 C:/Users/PC Lenovo/Downloads/SSA_sistemamejorado/sistemamejorado/vendor/laravel/framework/src/Illuminate/Pipeline/Pipeline.php(209): Illuminate/Foundation/Http/Middleware/ConvertEmptyStringsToNull->handle(Object(Illuminate/Http/Request), Object(Closure))
#26 C:/Users/PC Lenovo/Downloads/SSA_sistemamejorado/sistemamejorado/vendor/laravel/framework/src/Illuminate/Foundation/Http/Middleware/TransformsRequest.php(21): Illuminate/Pipeline/Pipeline->Illuminate/Pipeline/{closure}(Object(Illuminate/Http/Request))
#27 C:/Users/PC Lenovo/Downloads/SSA_sistemamejorado/sistemamejorado/vendor/laravel/framework/src/Illuminate/Foundation/Http/Middleware/TrimStrings.php(51): Illuminate/Foundation/Http/Middleware/TransformsRequest->handle(Object(Illuminate/Http/Request), Object(Closure))
#28 C:/Users/PC Lenovo/Downloads/SSA_sistemamejorado/sistemamejorado/vendor/laravel/framework/src/Illuminate/Pipeline/Pipeline.php(209): Illuminate/Foundation/Http/Middleware/TrimStrings->handle(Object(Illuminate/Http/Request), Object(Closure))
#29 C:/Users/PC Lenovo/Downloads/SSA_sistemamejorado/sistemamejorado/vendor/laravel/framework/src/Illuminate/Http/Middleware/ValidatePostSize.php(27): Illuminate/Pipeline/Pipeline->Illuminate/Pipeline/{closure}(Object(Illuminate/Http/Request))
#30 C:/Users/PC Lenovo/Downloads/SSA_sistemamejorado/sistemamejorado/vendor/laravel/framework/src/Illuminate/Pipeline/Pipeline.php(209): Illuminate/Http/Middleware/ValidatePostSize->handle(Object(Illuminate/Http/Request), Object(Closure))
#31 C:/Users/PC Lenovo/Downloads/SSA_sistemamejorado/sistemamejorado/vendor/laravel/framework/src/Illuminate/Foundation/Http/Middleware/PreventRequestsDuringMaintenance.php(110): Illuminate/Pipeline/Pipeline->Illuminate/Pipeline/{closure}(Object(Illuminate/Http/Request))
#32 C:/Users/PC Lenovo/Downloads/SSA_sistemamejorado/sistemamejorado/vendor/laravel/framework/src/Illuminate/Pipeline/Pipeline.php(209): Illuminate/Foundation/Http/Middleware/PreventRequestsDuringMaintenance->handle(Object(Illuminate/Http/Request), Object(Closure))
#33 C:/Users/PC Lenovo/Downloads/SSA_sistemamejorado/sistemamejorado/vendor/laravel/framework/src/Illuminate/Http/Middleware/HandleCors.php(49): Illuminate/Pipeline/Pipeline->Illuminate/Pipeline/{closure}(Object(Illuminate/Http/Request))
#34 C:/Users/PC Lenovo/Downloads/SSA_sistemamejorado/sistemamejorado/vendor/laravel/framework/src/Illuminate/Pipeline/Pipeline.php(209): Illuminate/Http/Middleware/HandleCors->handle(Object(Illuminate/Http/Request), Object(Closure))
#35 C:/Users/PC Lenovo/Downloads/SSA_sistemamejorado/sistemamejorado/vendor/laravel/framework/src/Illuminate/Http/Middleware/TrustProxies.php(58): Illuminate/Pipeline/Pipeline->Illuminate/Pipeline/{closure}(Object(Illuminate/Http/Request))
#36 C:/Users/PC Lenovo/Downloads/SSA_sistemamejorado/sistemamejorado/vendor/laravel/framework/src/Illuminate/Pipeline/Pipeline.php(209): Illuminate/Http/Middleware/TrustProxies->handle(Object(Illuminate/Http/Request), Object(Closure))
#37 C:/Users/PC Lenovo/Downloads/SSA_sistemamejorado/sistemamejorado/vendor/laravel/framework/src/Illuminate/Foundation/Http/Middleware/InvokeDeferredCallbacks.php(22): Illuminate/Pipeline/Pipeline->Illuminate/Pipeline/{closure}(Object(Illuminate/Http/Request))
#38 C:/Users/PC Lenovo/Downloads/SSA_sistemamejorado/sistemamejorado/vendor/laravel/framework/src/Illuminate/Pipeline/Pipeline.php(209): Illuminate/Foundation/Http/Middleware/InvokeDeferredCallbacks->handle(Object(Illuminate/Http/Request), Object(Closure))
#39 C:/Users/PC Lenovo/Downloads/SSA_sistemamejorado/sistemamejorado/vendor/laravel/framework/src/Illuminate/Pipeline/Pipeline.php(127): Illuminate/Pipeline/Pipeline->Illuminate/Pipeline/{closure}(Object(Illuminate/Http/Request))
#40 C:/Users/PC Lenovo/Downloads/SSA_sistemamejorado/sistemamejorado/vendor/laravel/framework/src/Illuminate/Foundation/Http/Kernel.php(176): Illuminate/Pipeline/Pipeline->then(Object(Closure))
#41 C:/Users/PC Lenovo/Downloads/SSA_sistemamejorado/sistemamejorado/vendor/laravel/framework/src/Illuminate/Foundation/Http/Kernel.php(145): Illuminate/Foundation/Http/Kernel->sendRequestThroughRouter(Object(Illuminate/Http/Request))
#42 C:/Users/PC Lenovo/Downloads/SSA_sistemamejorado/sistemamejorado/vendor/laravel/framework/src/Illuminate/Foundation/Application.php(1220): Illuminate/Foundation/Http/Kernel->handle(Object(Illuminate/Http/Request))
#43 C:/Users/PC Lenovo/Downloads/SSA_sistemamejorado/sistemamejorado/public/index.php(12): Illuminate/Foundation/Application->handleRequest(Object(Illuminate/Http/Request))
#44 C:/Users/PC Lenovo/Downloads/SSA_sistemamejorado/sistemamejorado/vendor/laravel/framework/src/Illuminate/Foundation/resources/server.php(23): require_once('C://Users//PC Len...')
#45 {main}

[previous exception] [object] (Error(code: 0): Call to a member function esAdministrador() on null at C:/Users/PC Lenovo/Downloads/SSA_sistemamejorado/sistemamejorado/storage/framework/views/f662744a7e0b52f292f8c4df22a89f25.php:45)
[stacktrace]
#0 C:/Users/PC Lenovo/Downloads/SSA_sistemamejorado/sistemamejorado/vendor/laravel/framework/src/Illuminate/Filesystem/Filesystem.php(123): require()
#1 C:/Users/PC Lenovo/Downloads/SSA_sistemamejorado/sistemamejorado/vendor/laravel/framework/src/Illuminate/Filesystem/Filesystem.php(124): Illuminate/Filesystem/Filesystem::Illuminate/Filesystem/{closure}()
#2 C:/Users/PC Lenovo/Downloads/SSA_sistemamejorado/sistemamejorado/vendor/laravel/framework/src/Illuminate/View/Engines/PhpEngine.php(58): Illuminate/Filesystem/Filesystem->getRequire('C://Users//PC Len...', Array)
#3 C:/Users/PC Lenovo/Downloads/SSA_sistemamejorado/sistemamejorado/vendor/laravel/framework/src/Illuminate/View/Engines/CompilerEngine.php(75): Illuminate/View/Engines/PhpEngine->evaluatePath('C://Users//PC Len...', Array)
#4 C:/Users/PC Lenovo/Downloads/SSA_sistemamejorado/sistemamejorado/vendor/laravel/framework/src/Illuminate/View/View.php(209): Illuminate/View/Engines/CompilerEngine->get('C://Users//PC Len...', Array)
#5 C:/Users/PC Lenovo/Downloads/SSA_sistemamejorado/sistemamejorado/vendor/laravel/framework/src/Illuminate/View/View.php(192): Illuminate/View/View->getContents()
#6 C:/Users/PC Lenovo/Downloads/SSA_sistemamejorado/sistemamejorado/vendor/laravel/framework/src/Illuminate/View/View.php(161): Illuminate/View/View->renderContents()
#7 C:/Users/PC Lenovo/Downloads/SSA_sistemamejorado/sistemamejorado/storage/framework/views/c2b457f0ed436e14181d198268d1630a.php(21): Illuminate/View/View->render()
#8 C:/Users/PC Lenovo/Downloads/SSA_sistemamejorado/sistemamejorado/vendor/laravel/framework/src/Illuminate/Filesystem/Filesystem.php(123): require('C://Users//PC Len...')
#9 C:/Users/PC Lenovo/Downloads/SSA_sistemamejorado/sistemamejorado/vendor/laravel/framework/src/Illuminate/Filesystem/Filesystem.php(124): Illuminate/Filesystem/Filesystem::Illuminate/Filesystem/{closure}()
#10 C:/Users/PC Lenovo/Downloads/SSA_sistemamejorado/sistemamejorado/vendor/laravel/framework/src/Illuminate/View/Engines/PhpEngine.php(58): Illuminate/Filesystem/Filesystem->getRequire('C://Users//PC Len...', Array)
#11 C:/Users/PC Lenovo/Downloads/SSA_sistemamejorado/sistemamejorado/vendor/laravel/framework/src/Illuminate/View/Engines/CompilerEngine.php(75): Illuminate/View/Engines/PhpEngine->evaluatePath('C://Users//PC Len...', Array)
#12 C:/Users/PC Lenovo/Downloads/SSA_sistemamejorado/sistemamejorado/vendor/laravel/framework/src/Illuminate/View/View.php(209): Illuminate/View/Engines/CompilerEngine->get('C://Users//PC Len...', Array)
#13 C:/Users/PC Lenovo/Downloads/SSA_sistemamejorado/sistemamejorado/vendor/laravel/framework/src/Illuminate/View/View.php(192): Illuminate/View/View->getContents()
#14 C:/Users/PC Lenovo/Downloads/SSA_sistemamejorado/sistemamejorado/vendor/laravel/framework/src/Illuminate/View/View.php(161): Illuminate/View/View->renderContents()
#15 C:/Users/PC Lenovo/Downloads/SSA_sistemamejorado/sistemamejorado/vendor/laravel/framework/src/Illuminate/Http/Response.php(79): Illuminate/View/View->render()
#16 C:/Users/PC Lenovo/Downloads/SSA_sistemamejorado/sistemamejorado/vendor/laravel/framework/src/Illuminate/Http/Response.php(35): Illuminate/Http/Response->setContent(Object(Illuminate/View/View))
#17 C:/Users/PC Lenovo/Downloads/SSA_sistemamejorado/sistemamejorado/vendor/laravel/framework/src/Illuminate/Routing/ResponseFactory.php(60): Illuminate/Http/Response->__construct(Object(Illuminate/View/View), 404, Array)
#18 C:/Users/PC Lenovo/Downloads/SSA_sistemamejorado/sistemamejorado/vendor/laravel/framework/src/Illuminate/Routing/ResponseFactory.php(90): Illuminate/Routing/ResponseFactory->make(Object(Illuminate/View/View), 404, Array)
#19 C:/Users/PC Lenovo/Downloads/SSA_sistemamejorado/sistemamejorado/vendor/laravel/framework/src/Illuminate/Foundation/Exceptions/Handler.php(894): Illuminate/Routing/ResponseFactory->view('errors::404', Array, 404, Array)
#20 C:/Users/PC Lenovo/Downloads/SSA_sistemamejorado/sistemamejorado/vendor/laravel/framework/src/Illuminate/Foundation/Exceptions/Handler.php(815): Illuminate/Foundation/Exceptions/Handler->renderHttpException(Object(Symfony/Component/HttpKernel/Exception/NotFoundHttpException))
#21 C:/Users/PC Lenovo/Downloads/SSA_sistemamejorado/sistemamejorado/vendor/laravel/framework/src/Illuminate/Foundation/Exceptions/Handler.php(706): Illuminate/Foundation/Exceptions/Handler->prepareResponse(Object(Illuminate/Http/Request), Object(Symfony/Component/HttpKernel/Exception/NotFoundHttpException))
#22 C:/Users/PC Lenovo/Downloads/SSA_sistemamejorado/sistemamejorado/vendor/laravel/framework/src/Illuminate/Foundation/Exceptions/Handler.php(594): Illuminate/Foundation/Exceptions/Handler->renderExceptionResponse(Object(Illuminate/Http/Request), Object(Symfony/Component/HttpKernel/Exception/NotFoundHttpException))
#23 C:/Users/PC Lenovo/Downloads/SSA_sistemamejorado/sistemamejorado/vendor/laravel/framework/src/Illuminate/Routing/Pipeline.php(51): Illuminate/Foundation/Exceptions/Handler->render(Object(Illuminate/Http/Request), Object(Symfony/Component/HttpKernel/Exception/NotFoundHttpException))
#24 C:/Users/PC Lenovo/Downloads/SSA_sistemamejorado/sistemamejorado/vendor/laravel/framework/src/Illuminate/Pipeline/Pipeline.php(172): Illuminate/Routing/Pipeline->handleException(Object(Illuminate/Http/Request), Object(Symfony/Component/HttpKernel/Exception/NotFoundHttpException))
#25 C:/Users/PC Lenovo/Downloads/SSA_sistemamejorado/sistemamejorado/vendor/laravel/framework/src/Illuminate/Foundation/Http/Middleware/TransformsRequest.php(21): Illuminate/Pipeline/Pipeline->Illuminate/Pipeline/{closure}(Object(Illuminate/Http/Request))
#26 C:/Users/PC Lenovo/Downloads/SSA_sistemamejorado/sistemamejorado/vendor/laravel/framework/src/Illuminate/Foundation/Http/Middleware/ConvertEmptyStringsToNull.php(31): Illuminate/Foundation/Http/Middleware/TransformsRequest->handle(Object(Illuminate/Http/Request), Object(Closure))
#27 C:/Users/PC Lenovo/Downloads/SSA_sistemamejorado/sistemamejorado/vendor/laravel/framework/src/Illuminate/Pipeline/Pipeline.php(209): Illuminate/Foundation/Http/Middleware/ConvertEmptyStringsToNull->handle(Object(Illuminate/Http/Request), Object(Closure))
#28 C:/Users/PC Lenovo/Downloads/SSA_sistemamejorado/sistemamejorado/vendor/laravel/framework/src/Illuminate/Foundation/Http/Middleware/TransformsRequest.php(21): Illuminate/Pipeline/Pipeline->Illuminate/Pipeline/{closure}(Object(Illuminate/Http/Request))
#29 C:/Users/PC Lenovo/Downloads/SSA_sistemamejorado/sistemamejorado/vendor/laravel/framework/src/Illuminate/Foundation/Http/Middleware/TrimStrings.php(51): Illuminate/Foundation/Http/Middleware/TransformsRequest->handle(Object(Illuminate/Http/Request), Object(Closure))
#30 C:/Users/PC Lenovo/Downloads/SSA_sistemamejorado/sistemamejorado/vendor/laravel/framework/src/Illuminate/Pipeline/Pipeline.php(209): Illuminate/Foundation/Http/Middleware/TrimStrings->handle(Object(Illuminate/Http/Request), Object(Closure))
#31 C:/Users/PC Lenovo/Downloads/SSA_sistemamejorado/sistemamejorado/vendor/laravel/framework/src/Illuminate/Http/Middleware/ValidatePostSize.php(27): Illuminate/Pipeline/Pipeline->Illuminate/Pipeline/{closure}(Object(Illuminate/Http/Request))
#32 C:/Users/PC Lenovo/Downloads/SSA_sistemamejorado/sistemamejorado/vendor/laravel/framework/src/Illuminate/Pipeline/Pipeline.php(209): Illuminate/Http/Middleware/ValidatePostSize->handle(Object(Illuminate/Http/Request), Object(Closure))
#33 C:/Users/PC Lenovo/Downloads/SSA_sistemamejorado/sistemamejorado/vendor/laravel/framework/src/Illuminate/Foundation/Http/Middleware/PreventRequestsDuringMaintenance.php(110): Illuminate/Pipeline/Pipeline->Illuminate/Pipeline/{closure}(Object(Illuminate/Http/Request))
#34 C:/Users/PC Lenovo/Downloads/SSA_sistemamejorado/sistemamejorado/vendor/laravel/framework/src/Illuminate/Pipeline/Pipeline.php(209): Illuminate/Foundation/Http/Middleware/PreventRequestsDuringMaintenance->handle(Object(Illuminate/Http/Request), Object(Closure))
#35 C:/Users/PC Lenovo/Downloads/SSA_sistemamejorado/sistemamejorado/vendor/laravel/framework/src/Illuminate/Http/Middleware/HandleCors.php(49): Illuminate/Pipeline/Pipeline->Illuminate/Pipeline/{closure}(Object(Illuminate/Http/Request))
#36 C:/Users/PC Lenovo/Downloads/SSA_sistemamejorado/sistemamejorado/vendor/laravel/framework/src/Illuminate/Pipeline/Pipeline.php(209): Illuminate/Http/Middleware/HandleCors->handle(Object(Illuminate/Http/Request), Object(Closure))
#37 C:/Users/PC Lenovo/Downloads/SSA_sistemamejorado/sistemamejorado/vendor/laravel/framework/src/Illuminate/Http/Middleware/TrustProxies.php(58): Illuminate/Pipeline/Pipeline->Illuminate/Pipeline/{closure}(Object(Illuminate/Http/Request))
#38 C:/Users/PC Lenovo/Downloads/SSA_sistemamejorado/sistemamejorado/vendor/laravel/framework/src/Illuminate/Pipeline/Pipeline.php(209): Illuminate/Http/Middleware/TrustProxies->handle(Object(Illuminate/Http/Request), Object(Closure))
#39 C:/Users/PC Lenovo/Downloads/SSA_sistemamejorado/sistemamejorado/vendor/laravel/framework/src/Illuminate/Foundation/Http/Middleware/InvokeDeferredCallbacks.php(22): Illuminate/Pipeline/Pipeline->Illuminate/Pipeline/{closure}(Object(Illuminate/Http/Request))
#40 C:/Users/PC Lenovo/Downloads/SSA_sistemamejorado/sistemamejorado/vendor/laravel/framework/src/Illuminate/Pipeline/Pipeline.php(209): Illuminate/Foundation/Http/Middleware/InvokeDeferredCallbacks->handle(Object(Illuminate/Http/Request), Object(Closure))
#41 C:/Users/PC Lenovo/Downloads/SSA_sistemamejorado/sistemamejorado/vendor/laravel/framework/src/Illuminate/Pipeline/Pipeline.php(127): Illuminate/Pipeline/Pipeline->Illuminate/Pipeline/{closure}(Object(Illuminate/Http/Request))
#42 C:/Users/PC Lenovo/Downloads/SSA_sistemamejorado/sistemamejorado/vendor/laravel/framework/src/Illuminate/Foundation/Http/Kernel.php(176): Illuminate/Pipeline/Pipeline->then(Object(Closure))
#43 C:/Users/PC Lenovo/Downloads/SSA_sistemamejorado/sistemamejorado/vendor/laravel/framework/src/Illuminate/Foundation/Http/Kernel.php(145): Illuminate/Foundation/Http/Kernel->sendRequestThroughRouter(Object(Illuminate/Http/Request))
#44 C:/Users/PC Lenovo/Downloads/SSA_sistemamejorado/sistemamejorado/vendor/laravel/framework/src/Illuminate/Foundation/Application.php(1220): Illuminate/Foundation/Http/Kernel->handle(Object(Illuminate/Http/Request))
#45 C:/Users/PC Lenovo/Downloads/SSA_sistemamejorado/sistemamejorado/public/index.php(12): Illuminate/Foundation/Application->handleRequest(Object(Illuminate/Http/Request))
#46 C:/Users/PC Lenovo/Downloads/SSA_sistemamejorado/sistemamejorado/vendor/laravel/framework/src/Illuminate/Foundation/resources/server.php(23): require_once('C://Users//PC Len...')
#47 {main}
"} 
[2026-07-03 18:23:45] local.ERROR: Call to a member function esAdministrador() on null (View: C:\Users\PC Lenovo\Downloads\SSA_sistemamejorado\sistemamejorado\resources\views\layouts\app.blade.php) (View: C:\Users\PC Lenovo\Downloads\SSA_sistemamejorado\sistemamejorado\resources\views\layouts\app.blade.php) {"exception":"[object] (Illuminate\\View\\ViewException(code: 0): Call to a member function esAdministrador() on null (View: C:\\Users\\PC Lenovo\\Downloads\\SSA_sistemamejorado\\sistemamejorado\\resources\\views\\layouts\\app.blade.php) (View: C:\\Users\\PC Lenovo\\Downloads\\SSA_sistemamejorado\\sistemamejorado\\resources\\views\\layouts\\app.blade.php) at C:/Users/PC Lenovo/Downloads/SSA_sistemamejorado/sistemamejorado/storage/framework/views/f662744a7e0b52f292f8c4df22a89f25.php:45)
[stacktrace]
#0 C:/Users/PC Lenovo/Downloads/SSA_sistemamejorado/sistemamejorado/vendor/laravel/framework/src/Illuminate/View/Engines/PhpEngine.php(60): Illuminate/View/Engines/CompilerEngine->handleViewException(Object(Illuminate/View/ViewException), 1)
#1 C:/Users/PC Lenovo/Downloads/SSA_sistemamejorado/sistemamejorado/vendor/laravel/framework/src/Illuminate/View/Engines/CompilerEngine.php(75): Illuminate/View/Engines/PhpEngine->evaluatePath('C://Users//PC Len...', Array)
#2 C:/Users/PC Lenovo/Downloads/SSA_sistemamejorado/sistemamejorado/vendor/laravel/framework/src/Illuminate/View/View.php(209): Illuminate/View/Engines/CompilerEngine->get('C://Users//PC Len...', Array)
#3 C:/Users/PC Lenovo/Downloads/SSA_sistemamejorado/sistemamejorado/vendor/laravel/framework/src/Illuminate/View/View.php(192): Illuminate/View/View->getContents()
#4 C:/Users/PC Lenovo/Downloads/SSA_sistemamejorado/sistemamejorado/vendor/laravel/framework/src/Illuminate/View/View.php(161): Illuminate/View/View->renderContents()
#5 C:/Users/PC Lenovo/Downloads/SSA_sistemamejorado/sistemamejorado/vendor/laravel/framework/src/Illuminate/Http/Response.php(79): Illuminate/View/View->render()
#6 C:/Users/PC Lenovo/Downloads/SSA_sistemamejorado/sistemamejorado/vendor/laravel/framework/src/Illuminate/Http/Response.php(35): Illuminate/Http/Response->setContent(Object(Illuminate/View/View))
#7 C:/Users/PC Lenovo/Downloads/SSA_sistemamejorado/sistemamejorado/vendor/laravel/framework/src/Illuminate/Routing/ResponseFactory.php(60): Illuminate/Http/Response->__construct(Object(Illuminate/View/View), 404, Array)
#8 C:/Users/PC Lenovo/Downloads/SSA_sistemamejorado/sistemamejorado/vendor/laravel/framework/src/Illuminate/Routing/ResponseFactory.php(90): Illuminate/Routing/ResponseFactory->make(Object(Illuminate/View/View), 404, Array)
#9 C:/Users/PC Lenovo/Downloads/SSA_sistemamejorado/sistemamejorado/vendor/laravel/framework/src/Illuminate/Foundation/Exceptions/Handler.php(894): Illuminate/Routing/ResponseFactory->view('errors::404', Array, 404, Array)
#10 C:/Users/PC Lenovo/Downloads/SSA_sistemamejorado/sistemamejorado/vendor/laravel/framework/src/Illuminate/Foundation/Exceptions/Handler.php(815): Illuminate/Foundation/Exceptions/Handler->renderHttpException(Object(Symfony/Component/HttpKernel/Exception/NotFoundHttpException))
#11 C:/Users/PC Lenovo/Downloads/SSA_sistemamejorado/sistemamejorado/vendor/laravel/framework/src/Illuminate/Foundation/Exceptions/Handler.php(706): Illuminate/Foundation/Exceptions/Handler->prepareResponse(Object(Illuminate/Http/Request), Object(Symfony/Component/HttpKernel/Exception/NotFoundHttpException))
#12 C:/Users/PC Lenovo/Downloads/SSA_sistemamejorado/sistemamejorado/vendor/laravel/framework/src/Illuminate/Foundation/Exceptions/Handler.php(594): Illuminate/Foundation/Exceptions/Handler->renderExceptionResponse(Object(Illuminate/Http/Request), Object(Symfony/Component/HttpKernel/Exception/NotFoundHttpException))
#13 C:/Users/PC Lenovo/Downloads/SSA_sistemamejorado/sistemamejorado/vendor/laravel/framework/src/Illuminate/Routing/Pipeline.php(51): Illuminate/Foundation/Exceptions/Handler->render(Object(Illuminate/Http/Request), Object(Symfony/Component/HttpKernel/Exception/NotFoundHttpException))
#14 C:/Users/PC Lenovo/Downloads/SSA_sistemamejorado/sistemamejorado/vendor/laravel/framework/src/Illuminate/Pipeline/Pipeline.php(172): Illuminate/Routing/Pipeline->handleException(Object(Illuminate/Http/Request), Object(Symfony/Component/HttpKernel/Exception/NotFoundHttpException))
#15 C:/Users/PC Lenovo/Downloads/SSA_sistemamejorado/sistemamejorado/vendor/laravel/framework/src/Illuminate/Foundation/Http/Middleware/TransformsRequest.php(21): Illuminate/Pipeline/Pipeline->Illuminate/Pipeline/{closure}(Object(Illuminate/Http/Request))
#16 C:/Users/PC Lenovo/Downloads/SSA_sistemamejorado/sistemamejorado/vendor/laravel/framework/src/Illuminate/Foundation/Http/Middleware/ConvertEmptyStringsToNull.php(31): Illuminate/Foundation/Http/Middleware/TransformsRequest->handle(Object(Illuminate/Http/Request), Object(Closure))
#17 C:/Users/PC Lenovo/Downloads/SSA_sistemamejorado/sistemamejorado/vendor/laravel/framework/src/Illuminate/Pipeline/Pipeline.php(209): Illuminate/Foundation/Http/Middleware/ConvertEmptyStringsToNull->handle(Object(Illuminate/Http/Request), Object(Closure))
#18 C:/Users/PC Lenovo/Downloads/SSA_sistemamejorado/sistemamejorado/vendor/laravel/framework/src/Illuminate/Foundation/Http/Middleware/TransformsRequest.php(21): Illuminate/Pipeline/Pipeline->Illuminate/Pipeline/{closure}(Object(Illuminate/Http/Request))
#19 C:/Users/PC Lenovo/Downloads/SSA_sistemamejorado/sistemamejorado/vendor/laravel/framework/src/Illuminate/Foundation/Http/Middleware/TrimStrings.php(51): Illuminate/Foundation/Http/Middleware/TransformsRequest->handle(Object(Illuminate/Http/Request), Object(Closure))
#20 C:/Users/PC Lenovo/Downloads/SSA_sistemamejorado/sistemamejorado/vendor/laravel/framework/src/Illuminate/Pipeline/Pipeline.php(209): Illuminate/Foundation/Http/Middleware/TrimStrings->handle(Object(Illuminate/Http/Request), Object(Closure))
#21 C:/Users/PC Lenovo/Downloads/SSA_sistemamejorado/sistemamejorado/vendor/laravel/framework/src/Illuminate/Http/Middleware/ValidatePostSize.php(27): Illuminate/Pipeline/Pipeline->Illuminate/Pipeline/{closure}(Object(Illuminate/Http/Request))
#22 C:/Users/PC Lenovo/Downloads/SSA_sistemamejorado/sistemamejorado/vendor/laravel/framework/src/Illuminate/Pipeline/Pipeline.php(209): Illuminate/Http/Middleware/ValidatePostSize->handle(Object(Illuminate/Http/Request), Object(Closure))
#23 C:/Users/PC Lenovo/Downloads/SSA_sistemamejorado/sistemamejorado/vendor/laravel/framework/src/Illuminate/Foundation/Http/Middleware/PreventRequestsDuringMaintenance.php(110): Illuminate/Pipeline/Pipeline->Illuminate/Pipeline/{closure}(Object(Illuminate/Http/Request))
#24 C:/Users/PC Lenovo/Downloads/SSA_sistemamejorado/sistemamejorado/vendor/laravel/framework/src/Illuminate/Pipeline/Pipeline.php(209): Illuminate/Foundation/Http/Middleware/PreventRequestsDuringMaintenance->handle(Object(Illuminate/Http/Request), Object(Closure))
#25 C:/Users/PC Lenovo/Downloads/SSA_sistemamejorado/sistemamejorado/vendor/laravel/framework/src/Illuminate/Http/Middleware/HandleCors.php(49): Illuminate/Pipeline/Pipeline->Illuminate/Pipeline/{closure}(Object(Illuminate/Http/Request))
#26 C:/Users/PC Lenovo/Downloads/SSA_sistemamejorado/sistemamejorado/vendor/laravel/framework/src/Illuminate/Pipeline/Pipeline.php(209): Illuminate/Http/Middleware/HandleCors->handle(Object(Illuminate/Http/Request), Object(Closure))
#27 C:/Users/PC Lenovo/Downloads/SSA_sistemamejorado/sistemamejorado/vendor/laravel/framework/src/Illuminate/Http/Middleware/TrustProxies.php(58): Illuminate/Pipeline/Pipeline->Illuminate/Pipeline/{closure}(Object(Illuminate/Http/Request))
#28 C:/Users/PC Lenovo/Downloads/SSA_sistemamejorado/sistemamejorado/vendor/laravel/framework/src/Illuminate/Pipeline/Pipeline.php(209): Illuminate/Http/Middleware/TrustProxies->handle(Object(Illuminate/Http/Request), Object(Closure))
#29 C:/Users/PC Lenovo/Downloads/SSA_sistemamejorado/sistemamejorado/vendor/laravel/framework/src/Illuminate/Foundation/Http/Middleware/InvokeDeferredCallbacks.php(22): Illuminate/Pipeline/Pipeline->Illuminate/Pipeline/{closure}(Object(Illuminate/Http/Request))
#30 C:/Users/PC Lenovo/Downloads/SSA_sistemamejorado/sistemamejorado/vendor/laravel/framework/src/Illuminate/Pipeline/Pipeline.php(209): Illuminate/Foundation/Http/Middleware/InvokeDeferredCallbacks->handle(Object(Illuminate/Http/Request), Object(Closure))
#31 C:/Users/PC Lenovo/Downloads/SSA_sistemamejorado/sistemamejorado/vendor/laravel/framework/src/Illuminate/Pipeline/Pipeline.php(127): Illuminate/Pipeline/Pipeline->Illuminate/Pipeline/{closure}(Object(Illuminate/Http/Request))
#32 C:/Users/PC Lenovo/Downloads/SSA_sistemamejorado/sistemamejorado/vendor/laravel/framework/src/Illuminate/Foundation/Http/Kernel.php(176): Illuminate/Pipeline/Pipeline->then(Object(Closure))
#33 C:/Users/PC Lenovo/Downloads/SSA_sistemamejorado/sistemamejorado/vendor/laravel/framework/src/Illuminate/Foundation/Http/Kernel.php(145): Illuminate/Foundation/Http/Kernel->sendRequestThroughRouter(Object(Illuminate/Http/Request))
#34 C:/Users/PC Lenovo/Downloads/SSA_sistemamejorado/sistemamejorado/vendor/laravel/framework/src/Illuminate/Foundation/Application.php(1220): Illuminate/Foundation/Http/Kernel->handle(Object(Illuminate/Http/Request))
#35 C:/Users/PC Lenovo/Downloads/SSA_sistemamejorado/sistemamejorado/public/index.php(12): Illuminate/Foundation/Application->handleRequest(Object(Illuminate/Http/Request))
#36 C:/Users/PC Lenovo/Downloads/SSA_sistemamejorado/sistemamejorado/vendor/laravel/framework/src/Illuminate/Foundation/resources/server.php(23): require_once('C://Users//PC Len...')
#37 {main}

[previous exception] [object] (Illuminate\\View\\ViewException(code: 0): Call to a member function esAdministrador() on null (View: C:\\Users\\PC Lenovo\\Downloads\\SSA_sistemamejorado\\sistemamejorado\\resources\\views\\layouts\\app.blade.php) at C:/Users/PC Lenovo/Downloads/SSA_sistemamejorado/sistemamejorado/storage/framework/views/f662744a7e0b52f292f8c4df22a89f25.php:45)
[stacktrace]
#0 C:/Users/PC Lenovo/Downloads/SSA_sistemamejorado/sistemamejorado/vendor/laravel/framework/src/Illuminate/View/Engines/PhpEngine.php(60): Illuminate/View/Engines/CompilerEngine->handleViewException(Object(Error), 2)
#1 C:/Users/PC Lenovo/Downloads/SSA_sistemamejorado/sistemamejorado/vendor/laravel/framework/src/Illuminate/View/Engines/CompilerEngine.php(75): Illuminate/View/Engines/PhpEngine->evaluatePath('C://Users//PC Len...', Array)
#2 C:/Users/PC Lenovo/Downloads/SSA_sistemamejorado/sistemamejorado/vendor/laravel/framework/src/Illuminate/View/View.php(209): Illuminate/View/Engines/CompilerEngine->get('C://Users//PC Len...', Array)
#3 C:/Users/PC Lenovo/Downloads/SSA_sistemamejorado/sistemamejorado/vendor/laravel/framework/src/Illuminate/View/View.php(192): Illuminate/View/View->getContents()
#4 C:/Users/PC Lenovo/Downloads/SSA_sistemamejorado/sistemamejorado/vendor/laravel/framework/src/Illuminate/View/View.php(161): Illuminate/View/View->renderContents()
#5 C:/Users/PC Lenovo/Downloads/SSA_sistemamejorado/sistemamejorado/storage/framework/views/c2b457f0ed436e14181d198268d1630a.php(21): Illuminate/View/View->render()
#6 C:/Users/PC Lenovo/Downloads/SSA_sistemamejorado/sistemamejorado/vendor/laravel/framework/src/Illuminate/Filesystem/Filesystem.php(123): require('C://Users//PC Len...')
#7 C:/Users/PC Lenovo/Downloads/SSA_sistemamejorado/sistemamejorado/vendor/laravel/framework/src/Illuminate/Filesystem/Filesystem.php(124): Illuminate/Filesystem/Filesystem::Illuminate/Filesystem/{closure}()
#8 C:/Users/PC Lenovo/Downloads/SSA_sistemamejorado/sistemamejorado/vendor/laravel/framework/src/Illuminate/View/Engines/PhpEngine.php(58): Illuminate/Filesystem/Filesystem->getRequire('C://Users//PC Len...', Array)
#9 C:/Users/PC Lenovo/Downloads/SSA_sistemamejorado/sistemamejorado/vendor/laravel/framework/src/Illuminate/View/Engines/CompilerEngine.php(75): Illuminate/View/Engines/PhpEngine->evaluatePath('C://Users//PC Len...', Array)
#10 C:/Users/PC Lenovo/Downloads/SSA_sistemamejorado/sistemamejorado/vendor/laravel/framework/src/Illuminate/View/View.php(209): Illuminate/View/Engines/CompilerEngine->get('C://Users//PC Len...', Array)
#11 C:/Users/PC Lenovo/Downloads/SSA_sistemamejorado/sistemamejorado/vendor/laravel/framework/src/Illuminate/View/View.php(192): Illuminate/View/View->getContents()
#12 C:/Users/PC Lenovo/Downloads/SSA_sistemamejorado/sistemamejorado/vendor/laravel/framework/src/Illuminate/View/View.php(161): Illuminate/View/View->renderContents()
#13 C:/Users/PC Lenovo/Downloads/SSA_sistemamejorado/sistemamejorado/vendor/laravel/framework/src/Illuminate/Http/Response.php(79): Illuminate/View/View->render()
#14 C:/Users/PC Lenovo/Downloads/SSA_sistemamejorado/sistemamejorado/vendor/laravel/framework/src/Illuminate/Http/Response.php(35): Illuminate/Http/Response->setContent(Object(Illuminate/View/View))
#15 C:/Users/PC Lenovo/Downloads/SSA_sistemamejorado/sistemamejorado/vendor/laravel/framework/src/Illuminate/Routing/ResponseFactory.php(60): Illuminate/Http/Response->__construct(Object(Illuminate/View/View), 404, Array)
#16 C:/Users/PC Lenovo/Downloads/SSA_sistemamejorado/sistemamejorado/vendor/laravel/framework/src/Illuminate/Routing/ResponseFactory.php(90): Illuminate/Routing/ResponseFactory->make(Object(Illuminate/View/View), 404, Array)
#17 C:/Users/PC Lenovo/Downloads/SSA_sistemamejorado/sistemamejorado/vendor/laravel/framework/src/Illuminate/Foundation/Exceptions/Handler.php(894): Illuminate/Routing/ResponseFactory->view('errors::404', Array, 404, Array)
#18 C:/Users/PC Lenovo/Downloads/SSA_sistemamejorado/sistemamejorado/vendor/laravel/framework/src/Illuminate/Foundation/Exceptions/Handler.php(815): Illuminate/Foundation/Exceptions/Handler->renderHttpException(Object(Symfony/Component/HttpKernel/Exception/NotFoundHttpException))
#19 C:/Users/PC Lenovo/Downloads/SSA_sistemamejorado/sistemamejorado/vendor/laravel/framework/src/Illuminate/Foundation/Exceptions/Handler.php(706): Illuminate/Foundation/Exceptions/Handler->prepareResponse(Object(Illuminate/Http/Request), Object(Symfony/Component/HttpKernel/Exception/NotFoundHttpException))
#20 C:/Users/PC Lenovo/Downloads/SSA_sistemamejorado/sistemamejorado/vendor/laravel/framework/src/Illuminate/Foundation/Exceptions/Handler.php(594): Illuminate/Foundation/Exceptions/Handler->renderExceptionResponse(Object(Illuminate/Http/Request), Object(Symfony/Component/HttpKernel/Exception/NotFoundHttpException))
#21 C:/Users/PC Lenovo/Downloads/SSA_sistemamejorado/sistemamejorado/vendor/laravel/framework/src/Illuminate/Routing/Pipeline.php(51): Illuminate/Foundation/Exceptions/Handler->render(Object(Illuminate/Http/Request), Object(Symfony/Component/HttpKernel/Exception/NotFoundHttpException))
#22 C:/Users/PC Lenovo/Downloads/SSA_sistemamejorado/sistemamejorado/vendor/laravel/framework/src/Illuminate/Pipeline/Pipeline.php(172): Illuminate/Routing/Pipeline->handleException(Object(Illuminate/Http/Request), Object(Symfony/Component/HttpKernel/Exception/NotFoundHttpException))
#23 C:/Users/PC Lenovo/Downloads/SSA_sistemamejorado/sistemamejorado/vendor/laravel/framework/src/Illuminate/Foundation/Http/Middleware/TransformsRequest.php(21): Illuminate/Pipeline/Pipeline->Illuminate/Pipeline/{closure}(Object(Illuminate/Http/Request))
#24 C:/Users/PC Lenovo/Downloads/SSA_sistemamejorado/sistemamejorado/vendor/laravel/framework/src/Illuminate/Foundation/Http/Middleware/ConvertEmptyStringsToNull.php(31): Illuminate/Foundation/Http/Middleware/TransformsRequest->handle(Object(Illuminate/Http/Request), Object(Closure))
#25 C:/Users/PC Lenovo/Downloads/SSA_sistemamejorado/sistemamejorado/vendor/laravel/framework/src/Illuminate/Pipeline/Pipeline.php(209): Illuminate/Foundation/Http/Middleware/ConvertEmptyStringsToNull->handle(Object(Illuminate/Http/Request), Object(Closure))
#26 C:/Users/PC Lenovo/Downloads/SSA_sistemamejorado/sistemamejorado/vendor/laravel/framework/src/Illuminate/Foundation/Http/Middleware/TransformsRequest.php(21): Illuminate/Pipeline/Pipeline->Illuminate/Pipeline/{closure}(Object(Illuminate/Http/Request))
#27 C:/Users/PC Lenovo/Downloads/SSA_sistemamejorado/sistemamejorado/vendor/laravel/framework/src/Illuminate/Foundation/Http/Middleware/TrimStrings.php(51): Illuminate/Foundation/Http/Middleware/TransformsRequest->handle(Object(Illuminate/Http/Request), Object(Closure))
#28 C:/Users/PC Lenovo/Downloads/SSA_sistemamejorado/sistemamejorado/vendor/laravel/framework/src/Illuminate/Pipeline/Pipeline.php(209): Illuminate/Foundation/Http/Middleware/TrimStrings->handle(Object(Illuminate/Http/Request), Object(Closure))
#29 C:/Users/PC Lenovo/Downloads/SSA_sistemamejorado/sistemamejorado/vendor/laravel/framework/src/Illuminate/Http/Middleware/ValidatePostSize.php(27): Illuminate/Pipeline/Pipeline->Illuminate/Pipeline/{closure}(Object(Illuminate/Http/Request))
#30 C:/Users/PC Lenovo/Downloads/SSA_sistemamejorado/sistemamejorado/vendor/laravel/framework/src/Illuminate/Pipeline/Pipeline.php(209): Illuminate/Http/Middleware/ValidatePostSize->handle(Object(Illuminate/Http/Request), Object(Closure))
#31 C:/Users/PC Lenovo/Downloads/SSA_sistemamejorado/sistemamejorado/vendor/laravel/framework/src/Illuminate/Foundation/Http/Middleware/PreventRequestsDuringMaintenance.php(110): Illuminate/Pipeline/Pipeline->Illuminate/Pipeline/{closure}(Object(Illuminate/Http/Request))
#32 C:/Users/PC Lenovo/Downloads/SSA_sistemamejorado/sistemamejorado/vendor/laravel/framework/src/Illuminate/Pipeline/Pipeline.php(209): Illuminate/Foundation/Http/Middleware/PreventRequestsDuringMaintenance->handle(Object(Illuminate/Http/Request), Object(Closure))
#33 C:/Users/PC Lenovo/Downloads/SSA_sistemamejorado/sistemamejorado/vendor/laravel/framework/src/Illuminate/Http/Middleware/HandleCors.php(49): Illuminate/Pipeline/Pipeline->Illuminate/Pipeline/{closure}(Object(Illuminate/Http/Request))
#34 C:/Users/PC Lenovo/Downloads/SSA_sistemamejorado/sistemamejorado/vendor/laravel/framework/src/Illuminate/Pipeline/Pipeline.php(209): Illuminate/Http/Middleware/HandleCors->handle(Object(Illuminate/Http/Request), Object(Closure))
#35 C:/Users/PC Lenovo/Downloads/SSA_sistemamejorado/sistemamejorado/vendor/laravel/framework/src/Illuminate/Http/Middleware/TrustProxies.php(58): Illuminate/Pipeline/Pipeline->Illuminate/Pipeline/{closure}(Object(Illuminate/Http/Request))
#36 C:/Users/PC Lenovo/Downloads/SSA_sistemamejorado/sistemamejorado/vendor/laravel/framework/src/Illuminate/Pipeline/Pipeline.php(209): Illuminate/Http/Middleware/TrustProxies->handle(Object(Illuminate/Http/Request), Object(Closure))
#37 C:/Users/PC Lenovo/Downloads/SSA_sistemamejorado/sistemamejorado/vendor/laravel/framework/src/Illuminate/Foundation/Http/Middleware/InvokeDeferredCallbacks.php(22): Illuminate/Pipeline/Pipeline->Illuminate/Pipeline/{closure}(Object(Illuminate/Http/Request))
#38 C:/Users/PC Lenovo/Downloads/SSA_sistemamejorado/sistemamejorado/vendor/laravel/framework/src/Illuminate/Pipeline/Pipeline.php(209): Illuminate/Foundation/Http/Middleware/InvokeDeferredCallbacks->handle(Object(Illuminate/Http/Request), Object(Closure))
#39 C:/Users/PC Lenovo/Downloads/SSA_sistemamejorado/sistemamejorado/vendor/laravel/framework/src/Illuminate/Pipeline/Pipeline.php(127): Illuminate/Pipeline/Pipeline->Illuminate/Pipeline/{closure}(Object(Illuminate/Http/Request))
#40 C:/Users/PC Lenovo/Downloads/SSA_sistemamejorado/sistemamejorado/vendor/laravel/framework/src/Illuminate/Foundation/Http/Kernel.php(176): Illuminate/Pipeline/Pipeline->then(Object(Closure))
#41 C:/Users/PC Lenovo/Downloads/SSA_sistemamejorado/sistemamejorado/vendor/laravel/framework/src/Illuminate/Foundation/Http/Kernel.php(145): Illuminate/Foundation/Http/Kernel->sendRequestThroughRouter(Object(Illuminate/Http/Request))
#42 C:/Users/PC Lenovo/Downloads/SSA_sistemamejorado/sistemamejorado/vendor/laravel/framework/src/Illuminate/Foundation/Application.php(1220): Illuminate/Foundation/Http/Kernel->handle(Object(Illuminate/Http/Request))
#43 C:/Users/PC Lenovo/Downloads/SSA_sistemamejorado/sistemamejorado/public/index.php(12): Illuminate/Foundation/Application->handleRequest(Object(Illuminate/Http/Request))
#44 C:/Users/PC Lenovo/Downloads/SSA_sistemamejorado/sistemamejorado/vendor/laravel/framework/src/Illuminate/Foundation/resources/server.php(23): require_once('C://Users//PC Len...')
#45 {main}

[previous exception] [object] (Error(code: 0): Call to a member function esAdministrador() on null at C:/Users/PC Lenovo/Downloads/SSA_sistemamejorado/sistemamejorado/storage/framework/views/f662744a7e0b52f292f8c4df22a89f25.php:45)
[stacktrace]
#0 C:/Users/PC Lenovo/Downloads/SSA_sistemamejorado/sistemamejorado/vendor/laravel/framework/src/Illuminate/Filesystem/Filesystem.php(123): require()
#1 C:/Users/PC Lenovo/Downloads/SSA_sistemamejorado/sistemamejorado/vendor/laravel/framework/src/Illuminate/Filesystem/Filesystem.php(124): Illuminate/Filesystem/Filesystem::Illuminate/Filesystem/{closure}()
#2 C:/Users/PC Lenovo/Downloads/SSA_sistemamejorado/sistemamejorado/vendor/laravel/framework/src/Illuminate/View/Engines/PhpEngine.php(58): Illuminate/Filesystem/Filesystem->getRequire('C://Users//PC Len...', Array)
#3 C:/Users/PC Lenovo/Downloads/SSA_sistemamejorado/sistemamejorado/vendor/laravel/framework/src/Illuminate/View/Engines/CompilerEngine.php(75): Illuminate/View/Engines/PhpEngine->evaluatePath('C://Users//PC Len...', Array)
#4 C:/Users/PC Lenovo/Downloads/SSA_sistemamejorado/sistemamejorado/vendor/laravel/framework/src/Illuminate/View/View.php(209): Illuminate/View/Engines/CompilerEngine->get('C://Users//PC Len...', Array)
#5 C:/Users/PC Lenovo/Downloads/SSA_sistemamejorado/sistemamejorado/vendor/laravel/framework/src/Illuminate/View/View.php(192): Illuminate/View/View->getContents()
#6 C:/Users/PC Lenovo/Downloads/SSA_sistemamejorado/sistemamejorado/vendor/laravel/framework/src/Illuminate/View/View.php(161): Illuminate/View/View->renderContents()
#7 C:/Users/PC Lenovo/Downloads/SSA_sistemamejorado/sistemamejorado/storage/framework/views/c2b457f0ed436e14181d198268d1630a.php(21): Illuminate/View/View->render()
#8 C:/Users/PC Lenovo/Downloads/SSA_sistemamejorado/sistemamejorado/vendor/laravel/framework/src/Illuminate/Filesystem/Filesystem.php(123): require('C://Users//PC Len...')
#9 C:/Users/PC Lenovo/Downloads/SSA_sistemamejorado/sistemamejorado/vendor/laravel/framework/src/Illuminate/Filesystem/Filesystem.php(124): Illuminate/Filesystem/Filesystem::Illuminate/Filesystem/{closure}()
#10 C:/Users/PC Lenovo/Downloads/SSA_sistemamejorado/sistemamejorado/vendor/laravel/framework/src/Illuminate/View/Engines/PhpEngine.php(58): Illuminate/Filesystem/Filesystem->getRequire('C://Users//PC Len...', Array)
#11 C:/Users/PC Lenovo/Downloads/SSA_sistemamejorado/sistemamejorado/vendor/laravel/framework/src/Illuminate/View/Engines/CompilerEngine.php(75): Illuminate/View/Engines/PhpEngine->evaluatePath('C://Users//PC Len...', Array)
#12 C:/Users/PC Lenovo/Downloads/SSA_sistemamejorado/sistemamejorado/vendor/laravel/framework/src/Illuminate/View/View.php(209): Illuminate/View/Engines/CompilerEngine->get('C://Users//PC Len...', Array)
#13 C:/Users/PC Lenovo/Downloads/SSA_sistemamejorado/sistemamejorado/vendor/laravel/framework/src/Illuminate/View/View.php(192): Illuminate/View/View->getContents()
#14 C:/Users/PC Lenovo/Downloads/SSA_sistemamejorado/sistemamejorado/vendor/laravel/framework/src/Illuminate/View/View.php(161): Illuminate/View/View->renderContents()
#15 C:/Users/PC Lenovo/Downloads/SSA_sistemamejorado/sistemamejorado/vendor/laravel/framework/src/Illuminate/Http/Response.php(79): Illuminate/View/View->render()
#16 C:/Users/PC Lenovo/Downloads/SSA_sistemamejorado/sistemamejorado/vendor/laravel/framework/src/Illuminate/Http/Response.php(35): Illuminate/Http/Response->setContent(Object(Illuminate/View/View))
#17 C:/Users/PC Lenovo/Downloads/SSA_sistemamejorado/sistemamejorado/vendor/laravel/framework/src/Illuminate/Routing/ResponseFactory.php(60): Illuminate/Http/Response->__construct(Object(Illuminate/View/View), 404, Array)
#18 C:/Users/PC Lenovo/Downloads/SSA_sistemamejorado/sistemamejorado/vendor/laravel/framework/src/Illuminate/Routing/ResponseFactory.php(90): Illuminate/Routing/ResponseFactory->make(Object(Illuminate/View/View), 404, Array)
#19 C:/Users/PC Lenovo/Downloads/SSA_sistemamejorado/sistemamejorado/vendor/laravel/framework/src/Illuminate/Foundation/Exceptions/Handler.php(894): Illuminate/Routing/ResponseFactory->view('errors::404', Array, 404, Array)
#20 C:/Users/PC Lenovo/Downloads/SSA_sistemamejorado/sistemamejorado/vendor/laravel/framework/src/Illuminate/Foundation/Exceptions/Handler.php(815): Illuminate/Foundation/Exceptions/Handler->renderHttpException(Object(Symfony/Component/HttpKernel/Exception/NotFoundHttpException))
#21 C:/Users/PC Lenovo/Downloads/SSA_sistemamejorado/sistemamejorado/vendor/laravel/framework/src/Illuminate/Foundation/Exceptions/Handler.php(706): Illuminate/Foundation/Exceptions/Handler->prepareResponse(Object(Illuminate/Http/Request), Object(Symfony/Component/HttpKernel/Exception/NotFoundHttpException))
#22 C:/Users/PC Lenovo/Downloads/SSA_sistemamejorado/sistemamejorado/vendor/laravel/framework/src/Illuminate/Foundation/Exceptions/Handler.php(594): Illuminate/Foundation/Exceptions/Handler->renderExceptionResponse(Object(Illuminate/Http/Request), Object(Symfony/Component/HttpKernel/Exception/NotFoundHttpException))
#23 C:/Users/PC Lenovo/Downloads/SSA_sistemamejorado/sistemamejorado/vendor/laravel/framework/src/Illuminate/Routing/Pipeline.php(51): Illuminate/Foundation/Exceptions/Handler->render(Object(Illuminate/Http/Request), Object(Symfony/Component/HttpKernel/Exception/NotFoundHttpException))
#24 C:/Users/PC Lenovo/Downloads/SSA_sistemamejorado/sistemamejorado/vendor/laravel/framework/src/Illuminate/Pipeline/Pipeline.php(172): Illuminate/Routing/Pipeline->handleException(Object(Illuminate/Http/Request), Object(Symfony/Component/HttpKernel/Exception/NotFoundHttpException))
#25 C:/Users/PC Lenovo/Downloads/SSA_sistemamejorado/sistemamejorado/vendor/laravel/framework/src/Illuminate/Foundation/Http/Middleware/TransformsRequest.php(21): Illuminate/Pipeline/Pipeline->Illuminate/Pipeline/{closure}(Object(Illuminate/Http/Request))
#26 C:/Users/PC Lenovo/Downloads/SSA_sistemamejorado/sistemamejorado/vendor/laravel/framework/src/Illuminate/Foundation/Http/Middleware/ConvertEmptyStringsToNull.php(31): Illuminate/Foundation/Http/Middleware/TransformsRequest->handle(Object(Illuminate/Http/Request), Object(Closure))
#27 C:/Users/PC Lenovo/Downloads/SSA_sistemamejorado/sistemamejorado/vendor/laravel/framework/src/Illuminate/Pipeline/Pipeline.php(209): Illuminate/Foundation/Http/Middleware/ConvertEmptyStringsToNull->handle(Object(Illuminate/Http/Request), Object(Closure))
#28 C:/Users/PC Lenovo/Downloads/SSA_sistemamejorado/sistemamejorado/vendor/laravel/framework/src/Illuminate/Foundation/Http/Middleware/TransformsRequest.php(21): Illuminate/Pipeline/Pipeline->Illuminate/Pipeline/{closure}(Object(Illuminate/Http/Request))
#29 C:/Users/PC Lenovo/Downloads/SSA_sistemamejorado/sistemamejorado/vendor/laravel/framework/src/Illuminate/Foundation/Http/Middleware/TrimStrings.php(51): Illuminate/Foundation/Http/Middleware/TransformsRequest->handle(Object(Illuminate/Http/Request), Object(Closure))
#30 C:/Users/PC Lenovo/Downloads/SSA_sistemamejorado/sistemamejorado/vendor/laravel/framework/src/Illuminate/Pipeline/Pipeline.php(209): Illuminate/Foundation/Http/Middleware/TrimStrings->handle(Object(Illuminate/Http/Request), Object(Closure))
#31 C:/Users/PC Lenovo/Downloads/SSA_sistemamejorado/sistemamejorado/vendor/laravel/framework/src/Illuminate/Http/Middleware/ValidatePostSize.php(27): Illuminate/Pipeline/Pipeline->Illuminate/Pipeline/{closure}(Object(Illuminate/Http/Request))
#32 C:/Users/PC Lenovo/Downloads/SSA_sistemamejorado/sistemamejorado/vendor/laravel/framework/src/Illuminate/Pipeline/Pipeline.php(209): Illuminate/Http/Middleware/ValidatePostSize->handle(Object(Illuminate/Http/Request), Object(Closure))
#33 C:/Users/PC Lenovo/Downloads/SSA_sistemamejorado/sistemamejorado/vendor/laravel/framework/src/Illuminate/Foundation/Http/Middleware/PreventRequestsDuringMaintenance.php(110): Illuminate/Pipeline/Pipeline->Illuminate/Pipeline/{closure}(Object(Illuminate/Http/Request))
#34 C:/Users/PC Lenovo/Downloads/SSA_sistemamejorado/sistemamejorado/vendor/laravel/framework/src/Illuminate/Pipeline/Pipeline.php(209): Illuminate/Foundation/Http/Middleware/PreventRequestsDuringMaintenance->handle(Object(Illuminate/Http/Request), Object(Closure))
#35 C:/Users/PC Lenovo/Downloads/SSA_sistemamejorado/sistemamejorado/vendor/laravel/framework/src/Illuminate/Http/Middleware/HandleCors.php(49): Illuminate/Pipeline/Pipeline->Illuminate/Pipeline/{closure}(Object(Illuminate/Http/Request))
#36 C:/Users/PC Lenovo/Downloads/SSA_sistemamejorado/sistemamejorado/vendor/laravel/framework/src/Illuminate/Pipeline/Pipeline.php(209): Illuminate/Http/Middleware/HandleCors->handle(Object(Illuminate/Http/Request), Object(Closure))
#37 C:/Users/PC Lenovo/Downloads/SSA_sistemamejorado/sistemamejorado/vendor/laravel/framework/src/Illuminate/Http/Middleware/TrustProxies.php(58): Illuminate/Pipeline/Pipeline->Illuminate/Pipeline/{closure}(Object(Illuminate/Http/Request))
#38 C:/Users/PC Lenovo/Downloads/SSA_sistemamejorado/sistemamejorado/vendor/laravel/framework/src/Illuminate/Pipeline/Pipeline.php(209): Illuminate/Http/Middleware/TrustProxies->handle(Object(Illuminate/Http/Request), Object(Closure))
#39 C:/Users/PC Lenovo/Downloads/SSA_sistemamejorado/sistemamejorado/vendor/laravel/framework/src/Illuminate/Foundation/Http/Middleware/InvokeDeferredCallbacks.php(22): Illuminate/Pipeline/Pipeline->Illuminate/Pipeline/{closure}(Object(Illuminate/Http/Request))
#40 C:/Users/PC Lenovo/Downloads/SSA_sistemamejorado/sistemamejorado/vendor/laravel/framework/src/Illuminate/Pipeline/Pipeline.php(209): Illuminate/Foundation/Http/Middleware/InvokeDeferredCallbacks->handle(Object(Illuminate/Http/Request), Object(Closure))
#41 C:/Users/PC Lenovo/Downloads/SSA_sistemamejorado/sistemamejorado/vendor/laravel/framework/src/Illuminate/Pipeline/Pipeline.php(127): Illuminate/Pipeline/Pipeline->Illuminate/Pipeline/{closure}(Object(Illuminate/Http/Request))
#42 C:/Users/PC Lenovo/Downloads/SSA_sistemamejorado/sistemamejorado/vendor/laravel/framework/src/Illuminate/Foundation/Http/Kernel.php(176): Illuminate/Pipeline/Pipeline->then(Object(Closure))
#43 C:/Users/PC Lenovo/Downloads/SSA_sistemamejorado/sistemamejorado/vendor/laravel/framework/src/Illuminate/Foundation/Http/Kernel.php(145): Illuminate/Foundation/Http/Kernel->sendRequestThroughRouter(Object(Illuminate/Http/Request))
#44 C:/Users/PC Lenovo/Downloads/SSA_sistemamejorado/sistemamejorado/vendor/laravel/framework/src/Illuminate/Foundation/Application.php(1220): Illuminate/Foundation/Http/Kernel->handle(Object(Illuminate/Http/Request))
#45 C:/Users/PC Lenovo/Downloads/SSA_sistemamejorado/sistemamejorado/public/index.php(12): Illuminate/Foundation/Application->handleRequest(Object(Illuminate/Http/Request))
#46 C:/Users/PC Lenovo/Downloads/SSA_sistemamejorado/sistemamejorado/vendor/laravel/framework/src/Illuminate/Foundation/resources/server.php(23): require_once('C://Users//PC Len...')
#47 {main}
"} 
